path,title,canonical,robots,h1,inbound,sitemap,http_status,final_url,live_canonical,live_robots,live_h1
/,Free Small Business Break-Even Calculator | MyBreakeven,https://mybreakeven.com/,"index,follow,max-image-preview:large,max-snippet:-1,max-video-preview:-1",1,159,True,200,https://mybreakeven.com/,['https://mybreakeven.com/'],"['index,follow,max-image-preview:large,max-snippet:-1,max-video-preview:-1']",1
/about-us/,About MyBreakeven | Formula-Backed Business Planning,https://mybreakeven.com/about-us/,"index,follow,max-image-preview:large,max-snippet:-1,max-video-preview:-1",1,154,True,200,https://mybreakeven.com/about-us/,['https://mybreakeven.com/about-us/'],"['index,follow,max-image-preview:large,max-snippet:-1,max-video-preview:-1']",1
/blogs/,Small Business Break-Even Guides | MyBreakeven,https://mybreakeven.com/blogs/,"index,follow,max-image-preview:large,max-snippet:-1,max-video-preview:-1",1,154,True,200,https://mybreakeven.com/blogs/,['https://mybreakeven.com/blogs/'],"['index,follow,max-image-preview:large,max-snippet:-1,max-video-preview:-1']",1
/blogs/agency-billable-utilization-rate/,Agency Utilization: Hours and Clients | MyBreakeven,https://mybreakeven.com/blogs/agency-billable-utilization-rate/,"index,follow,max-image-preview:large,max-snippet:-1,max-video-preview:-1",1,8,True,200,https://mybreakeven.com/blogs/agency-billable-utilization-rate/,['https://mybreakeven.com/blogs/agency-billable-utilization-rate/'],"['index,follow,max-image-preview:large,max-snippet:-1,max-video-preview:-1']",1
/blogs/agency-break-even/,Agency Break-Even and Capacity Guide | MyBreakeven,https://mybreakeven.com/blogs/agency-break-even/,"index,follow,max-image-preview:large,max-snippet:-1,max-video-preview:-1",1,3,True,200,https://mybreakeven.com/blogs/agency-break-even/,['https://mybreakeven.com/blogs/agency-break-even/'],"['index,follow,max-image-preview:large,max-snippet:-1,max-video-preview:-1']",1
/blogs/agency-client-concentration-revenue-risk/,Agency Client Concentration and Revenue Risk | MyBreakeven,https://mybreakeven.com/blogs/agency-client-concentration-revenue-risk/,"index,follow,max-image-preview:large,max-snippet:-1,max-video-preview:-1",1,2,True,200,https://mybreakeven.com/blogs/agency-client-concentration-revenue-risk/,['https://mybreakeven.com/blogs/agency-client-concentration-revenue-risk/'],"['index,follow,max-image-preview:large,max-snippet:-1,max-video-preview:-1']",1
/blogs/agency-client-profitability/,Client Profitability Analysis for Agencies | MyBreakeven,https://mybreakeven.com/blogs/agency-client-profitability/,"index,follow,max-image-preview:large,max-snippet:-1,max-video-preview:-1",1,9,True,200,https://mybreakeven.com/blogs/agency-client-profitability/,['https://mybreakeven.com/blogs/agency-client-profitability/'],"['index,follow,max-image-preview:large,max-snippet:-1,max-video-preview:-1']",1
/blogs/agency-employee-vs-freelancer-break-even/,Agency Employee vs Freelancer Break-Even | MyBreakeven,https://mybreakeven.com/blogs/agency-employee-vs-freelancer-break-even/,"index,follow,max-image-preview:large,max-snippet:-1,max-video-preview:-1",1,2,True,200,https://mybreakeven.com/blogs/agency-employee-vs-freelancer-break-even/,['https://mybreakeven.com/blogs/agency-employee-vs-freelancer-break-even/'],"['index,follow,max-image-preview:large,max-snippet:-1,max-video-preview:-1']",1
/blogs/agency-profit-margin/,Agency Profit Margin: Payroll and Capacity | MyBreakeven,https://mybreakeven.com/blogs/agency-profit-margin/,"index,follow,max-image-preview:large,max-snippet:-1,max-video-preview:-1",1,6,True,200,https://mybreakeven.com/blogs/agency-profit-margin/,['https://mybreakeven.com/blogs/agency-profit-margin/'],"['index,follow,max-image-preview:large,max-snippet:-1,max-video-preview:-1']",1
/blogs/agency-project-vs-retainer-profitability/,Agency Project vs Retainer Profitability | MyBreakeven,https://mybreakeven.com/blogs/agency-project-vs-retainer-profitability/,"index,follow,max-image-preview:large,max-snippet:-1,max-video-preview:-1",1,2,True,200,https://mybreakeven.com/blogs/agency-project-vs-retainer-profitability/,['https://mybreakeven.com/blogs/agency-project-vs-retainer-profitability/'],"['index,follow,max-image-preview:large,max-snippet:-1,max-video-preview:-1']",1
/blogs/agency-retainer-pricing/,Agency Retainer Pricing Guide | MyBreakeven,https://mybreakeven.com/blogs/agency-retainer-pricing/,"index,follow,max-image-preview:large,max-snippet:-1,max-video-preview:-1",1,8,True,200,https://mybreakeven.com/blogs/agency-retainer-pricing/,['https://mybreakeven.com/blogs/agency-retainer-pricing/'],"['index,follow,max-image-preview:large,max-snippet:-1,max-video-preview:-1']",1
/blogs/agency-scope-creep-cost/,Agency Scope Creep Cost | MyBreakeven,https://mybreakeven.com/blogs/agency-scope-creep-cost/,"index,follow,max-image-preview:large,max-snippet:-1,max-video-preview:-1",1,1,True,200,https://mybreakeven.com/blogs/agency-scope-creep-cost/,['https://mybreakeven.com/blogs/agency-scope-creep-cost/'],"['index,follow,max-image-preview:large,max-snippet:-1,max-video-preview:-1']",1
/blogs/amazon-marketplace-vs-own-store-profit-per-order/,Amazon vs Own Store Profit per Order | MyBreakeven,https://mybreakeven.com/blogs/amazon-marketplace-vs-own-store-profit-per-order/,"index,follow,max-image-preview:large,max-snippet:-1,max-video-preview:-1",1,1,True,200,https://mybreakeven.com/blogs/amazon-marketplace-vs-own-store-profit-per-order/,['https://mybreakeven.com/blogs/amazon-marketplace-vs-own-store-profit-per-order/'],"['index,follow,max-image-preview:large,max-snippet:-1,max-video-preview:-1']",1
/blogs/break-even-analysis-example/,Break-Even Analysis Example and Template | MyBreakeven,https://mybreakeven.com/blogs/break-even-analysis-example/,"index,follow,max-image-preview:large,max-snippet:-1,max-video-preview:-1",1,5,True,200,https://mybreakeven.com/blogs/break-even-analysis-example/,['https://mybreakeven.com/blogs/break-even-analysis-example/'],"['index,follow,max-image-preview:large,max-snippet:-1,max-video-preview:-1']",1
/blogs/break-even-formula-units-dollars/,Break-Even Formula: Units and Dollars | MyBreakeven,https://mybreakeven.com/blogs/break-even-formula-units-dollars/,"index,follow,max-image-preview:large,max-snippet:-1,max-video-preview:-1",1,6,True,200,https://mybreakeven.com/blogs/break-even-formula-units-dollars/,['https://mybreakeven.com/blogs/break-even-formula-units-dollars/'],"['index,follow,max-image-preview:large,max-snippet:-1,max-video-preview:-1']",1
/blogs/break-even-multiple-products-sales-mix/,Break-Even for Multiple Products: Sales Mix | MyBreakeven,https://mybreakeven.com/blogs/break-even-multiple-products-sales-mix/,"index,follow,max-image-preview:large,max-snippet:-1,max-video-preview:-1",1,5,True,200,https://mybreakeven.com/blogs/break-even-multiple-products-sales-mix/,['https://mybreakeven.com/blogs/break-even-multiple-products-sales-mix/'],"['index,follow,max-image-preview:large,max-snippet:-1,max-video-preview:-1']",1
/blogs/break-even-roas-formula/,Break-Even ROAS Formula for Ecommerce | MyBreakeven,https://mybreakeven.com/blogs/break-even-roas-formula/,"index,follow,max-image-preview:large,max-snippet:-1,max-video-preview:-1",1,4,True,200,https://mybreakeven.com/blogs/break-even-roas-formula/,['https://mybreakeven.com/blogs/break-even-roas-formula/'],"['index,follow,max-image-preview:large,max-snippet:-1,max-video-preview:-1']",1
/blogs/bridal-hair-and-makeup-package-pricing-for-salons/,Bridal Hair and Makeup Package Pricing | MyBreakeven,https://mybreakeven.com/blogs/bridal-hair-and-makeup-package-pricing-for-salons/,"index,follow,max-image-preview:large,max-snippet:-1,max-video-preview:-1",1,1,True,200,https://mybreakeven.com/blogs/bridal-hair-and-makeup-package-pricing-for-salons/,['https://mybreakeven.com/blogs/bridal-hair-and-makeup-package-pricing-for-salons/'],"['index,follow,max-image-preview:large,max-snippet:-1,max-video-preview:-1']",1
/blogs/cafe-opening-costs/,Café Opening Costs: Budget and Break-Even | MyBreakeven,https://mybreakeven.com/blogs/cafe-opening-costs/,"index,follow,max-image-preview:large,max-snippet:-1,max-video-preview:-1",1,6,True,200,https://mybreakeven.com/blogs/cafe-opening-costs/,['https://mybreakeven.com/blogs/cafe-opening-costs/'],"['index,follow,max-image-preview:large,max-snippet:-1,max-video-preview:-1']",1
/blogs/calculate-break-even-point/,Calculate Break-Even Point: Units and Sales | MyBreakeven,https://mybreakeven.com/blogs/calculate-break-even-point/,"index,follow,max-image-preview:large,max-snippet:-1,max-video-preview:-1",1,5,True,200,https://mybreakeven.com/blogs/calculate-break-even-point/,['https://mybreakeven.com/blogs/calculate-break-even-point/'],"['index,follow,max-image-preview:large,max-snippet:-1,max-video-preview:-1']",1
/blogs/calculate-contribution-margin/,Calculate Contribution Margin: Costs and Mix | MyBreakeven,https://mybreakeven.com/blogs/calculate-contribution-margin/,"index,follow,max-image-preview:large,max-snippet:-1,max-video-preview:-1",1,8,True,200,https://mybreakeven.com/blogs/calculate-contribution-margin/,['https://mybreakeven.com/blogs/calculate-contribution-margin/'],"['index,follow,max-image-preview:large,max-snippet:-1,max-video-preview:-1']",1
/blogs/car-detailing-prices-list/,Car Detailing Price List: Costs and Scope | MyBreakeven,https://mybreakeven.com/blogs/car-detailing-prices-list/,"index,follow,max-image-preview:large,max-snippet:-1,max-video-preview:-1",1,9,True,200,https://mybreakeven.com/blogs/car-detailing-prices-list/,['https://mybreakeven.com/blogs/car-detailing-prices-list/'],"['index,follow,max-image-preview:large,max-snippet:-1,max-video-preview:-1']",1
/blogs/cash-flow-break-even-vs-profit-break-even/,Cash-Flow vs Profit Break-Even | MyBreakeven,https://mybreakeven.com/blogs/cash-flow-break-even-vs-profit-break-even/,"index,follow,max-image-preview:large,max-snippet:-1,max-video-preview:-1",1,5,True,200,https://mybreakeven.com/blogs/cash-flow-break-even-vs-profit-break-even/,['https://mybreakeven.com/blogs/cash-flow-break-even-vs-profit-break-even/'],"['index,follow,max-image-preview:large,max-snippet:-1,max-video-preview:-1']",1
/blogs/cash-flow-forecast-vs-break-even/,Small Business Cash Flow Forecast | MyBreakeven,https://mybreakeven.com/blogs/cash-flow-forecast-vs-break-even/,"index,follow,max-image-preview:large,max-snippet:-1,max-video-preview:-1",1,3,True,200,https://mybreakeven.com/blogs/cash-flow-forecast-vs-break-even/,['https://mybreakeven.com/blogs/cash-flow-forecast-vs-break-even/'],"['index,follow,max-image-preview:large,max-snippet:-1,max-video-preview:-1']",1
/blogs/catering-quote-profit/,Catering Quote Profit: Costs and Capacity | MyBreakeven,https://mybreakeven.com/blogs/catering-quote-profit/,"index,follow,max-image-preview:large,max-snippet:-1,max-video-preview:-1",1,1,True,200,https://mybreakeven.com/blogs/catering-quote-profit/,['https://mybreakeven.com/blogs/catering-quote-profit/'],"['index,follow,max-image-preview:large,max-snippet:-1,max-video-preview:-1']",1
/blogs/ceramic-coating-profit-margin/,Ceramic Coating Profit Margin | MyBreakeven,https://mybreakeven.com/blogs/ceramic-coating-profit-margin/,"index,follow,max-image-preview:large,max-snippet:-1,max-video-preview:-1",1,3,True,200,https://mybreakeven.com/blogs/ceramic-coating-profit-margin/,['https://mybreakeven.com/blogs/ceramic-coating-profit-margin/'],"['index,follow,max-image-preview:large,max-snippet:-1,max-video-preview:-1']",1
/blogs/cleaning-business-break-even/,Cleaning Business Break-Even Guide | MyBreakeven,https://mybreakeven.com/blogs/cleaning-business-break-even/,"index,follow,max-image-preview:large,max-snippet:-1,max-video-preview:-1",1,4,True,200,https://mybreakeven.com/blogs/cleaning-business-break-even/,['https://mybreakeven.com/blogs/cleaning-business-break-even/'],"['index,follow,max-image-preview:large,max-snippet:-1,max-video-preview:-1']",1
/blogs/cleaning-business-client-churn-cost/,Cleaning Business Client Churn Cost | MyBreakeven,https://mybreakeven.com/blogs/cleaning-business-client-churn-cost/,"index,follow,max-image-preview:large,max-snippet:-1,max-video-preview:-1",1,3,True,200,https://mybreakeven.com/blogs/cleaning-business-client-churn-cost/,['https://mybreakeven.com/blogs/cleaning-business-client-churn-cost/'],"['index,follow,max-image-preview:large,max-snippet:-1,max-video-preview:-1']",1
/blogs/cleaning-business-monthly-expenses/,Cleaning Monthly Expenses: Payroll and Jobs | MyBreakeven,https://mybreakeven.com/blogs/cleaning-business-monthly-expenses/,"index,follow,max-image-preview:large,max-snippet:-1,max-video-preview:-1",1,11,True,200,https://mybreakeven.com/blogs/cleaning-business-monthly-expenses/,['https://mybreakeven.com/blogs/cleaning-business-monthly-expenses/'],"['index,follow,max-image-preview:large,max-snippet:-1,max-video-preview:-1']",1
/blogs/cleaning-minimum-booking-charge/,Cleaning Minimum Booking Charge | MyBreakeven,https://mybreakeven.com/blogs/cleaning-minimum-booking-charge/,"index,follow,max-image-preview:large,max-snippet:-1,max-video-preview:-1",1,2,True,200,https://mybreakeven.com/blogs/cleaning-minimum-booking-charge/,['https://mybreakeven.com/blogs/cleaning-minimum-booking-charge/'],"['index,follow,max-image-preview:large,max-snippet:-1,max-video-preview:-1']",1
/blogs/coffee-shop-business-plan/,Coffee Shop Business Plan: Example & Template | MyBreakeven,https://mybreakeven.com/blogs/coffee-shop-business-plan/,"index,follow,max-image-preview:large,max-snippet:-1,max-video-preview:-1",1,3,True,200,https://mybreakeven.com/blogs/coffee-shop-business-plan/,['https://mybreakeven.com/blogs/coffee-shop-business-plan/'],"['index,follow,max-image-preview:large,max-snippet:-1,max-video-preview:-1']",1
/blogs/coffee-shop-drink-contribution-margin/,Coffee Shop Drink Contribution Margin | MyBreakeven,https://mybreakeven.com/blogs/coffee-shop-drink-contribution-margin/,"index,follow,max-image-preview:large,max-snippet:-1,max-video-preview:-1",1,1,True,200,https://mybreakeven.com/blogs/coffee-shop-drink-contribution-margin/,['https://mybreakeven.com/blogs/coffee-shop-drink-contribution-margin/'],"['index,follow,max-image-preview:large,max-snippet:-1,max-video-preview:-1']",1
/blogs/commercial-cleaning-contract-bid/,How to Bid a Commercial Cleaning Contract | MyBreakeven,https://mybreakeven.com/blogs/commercial-cleaning-contract-bid/,"index,follow,max-image-preview:large,max-snippet:-1,max-video-preview:-1",1,3,True,200,https://mybreakeven.com/blogs/commercial-cleaning-contract-bid/,['https://mybreakeven.com/blogs/commercial-cleaning-contract-bid/'],"['index,follow,max-image-preview:large,max-snippet:-1,max-video-preview:-1']",1
/blogs/commercial-cleaning-contract-price-increase/,Commercial Cleaning Contract Price Increase | MyBreakeven,https://mybreakeven.com/blogs/commercial-cleaning-contract-price-increase/,"index,follow,max-image-preview:large,max-snippet:-1,max-video-preview:-1",1,1,True,200,https://mybreakeven.com/blogs/commercial-cleaning-contract-price-increase/,['https://mybreakeven.com/blogs/commercial-cleaning-contract-price-increase/'],"['index,follow,max-image-preview:large,max-snippet:-1,max-video-preview:-1']",1
/blogs/contribution-margin-vs-gross-margin/,Contribution Margin vs Gross Margin | MyBreakeven,https://mybreakeven.com/blogs/contribution-margin-vs-gross-margin/,"index,follow,max-image-preview:large,max-snippet:-1,max-video-preview:-1",1,5,True,200,https://mybreakeven.com/blogs/contribution-margin-vs-gross-margin/,['https://mybreakeven.com/blogs/contribution-margin-vs-gross-margin/'],"['index,follow,max-image-preview:large,max-snippet:-1,max-video-preview:-1']",1
/blogs/contribution-margin-vs-profit-margin/,Contribution Margin vs Profit Margin | MyBreakeven,https://mybreakeven.com/blogs/contribution-margin-vs-profit-margin/,"index,follow,max-image-preview:large,max-snippet:-1,max-video-preview:-1",1,5,True,200,https://mybreakeven.com/blogs/contribution-margin-vs-profit-margin/,['https://mybreakeven.com/blogs/contribution-margin-vs-profit-margin/'],"['index,follow,max-image-preview:large,max-snippet:-1,max-video-preview:-1']",1
/blogs/corporate-headshot-pricing/,Corporate Headshot Pricing | MyBreakeven,https://mybreakeven.com/blogs/corporate-headshot-pricing/,"index,follow,max-image-preview:large,max-snippet:-1,max-video-preview:-1",1,3,True,200,https://mybreakeven.com/blogs/corporate-headshot-pricing/,['https://mybreakeven.com/blogs/corporate-headshot-pricing/'],"['index,follow,max-image-preview:large,max-snippet:-1,max-video-preview:-1']",1
/blogs/discount-break-even-sales-volume/,Discount Break-Even Sales Volume | MyBreakeven,https://mybreakeven.com/blogs/discount-break-even-sales-volume/,"index,follow,max-image-preview:large,max-snippet:-1,max-video-preview:-1",1,4,True,200,https://mybreakeven.com/blogs/discount-break-even-sales-volume/,['https://mybreakeven.com/blogs/discount-break-even-sales-volume/'],"['index,follow,max-image-preview:large,max-snippet:-1,max-video-preview:-1']",1
/blogs/ecommerce-break-even/,Ecommerce Break-Even: Orders and Capacity | MyBreakeven,https://mybreakeven.com/blogs/ecommerce-break-even/,"index,follow,max-image-preview:large,max-snippet:-1,max-video-preview:-1",1,4,True,200,https://mybreakeven.com/blogs/ecommerce-break-even/,['https://mybreakeven.com/blogs/ecommerce-break-even/'],"['index,follow,max-image-preview:large,max-snippet:-1,max-video-preview:-1']",1
/blogs/ecommerce-bundle-pricing-profit/,Ecommerce Bundle Pricing and Profit | MyBreakeven,https://mybreakeven.com/blogs/ecommerce-bundle-pricing-profit/,"index,follow,max-image-preview:large,max-snippet:-1,max-video-preview:-1",1,1,True,200,https://mybreakeven.com/blogs/ecommerce-bundle-pricing-profit/,['https://mybreakeven.com/blogs/ecommerce-bundle-pricing-profit/'],"['index,follow,max-image-preview:large,max-snippet:-1,max-video-preview:-1']",1
/blogs/ecommerce-chargeback-cost-per-order/,Ecommerce Chargeback Cost per Order | MyBreakeven,https://mybreakeven.com/blogs/ecommerce-chargeback-cost-per-order/,"index,follow,max-image-preview:large,max-snippet:-1,max-video-preview:-1",1,1,True,200,https://mybreakeven.com/blogs/ecommerce-chargeback-cost-per-order/,['https://mybreakeven.com/blogs/ecommerce-chargeback-cost-per-order/'],"['index,follow,max-image-preview:large,max-snippet:-1,max-video-preview:-1']",1
/blogs/ecommerce-inventory-holding-cost-per-sku/,Inventory Holding Cost per SKU | MyBreakeven,https://mybreakeven.com/blogs/ecommerce-inventory-holding-cost-per-sku/,"index,follow,max-image-preview:large,max-snippet:-1,max-video-preview:-1",1,1,True,200,https://mybreakeven.com/blogs/ecommerce-inventory-holding-cost-per-sku/,['https://mybreakeven.com/blogs/ecommerce-inventory-holding-cost-per-sku/'],"['index,follow,max-image-preview:large,max-snippet:-1,max-video-preview:-1']",1
/blogs/ecommerce-orders-per-day-profitable/,Ecommerce Orders Per Day to Be Profitable | MyBreakeven,https://mybreakeven.com/blogs/ecommerce-orders-per-day-profitable/,"index,follow,max-image-preview:large,max-snippet:-1,max-video-preview:-1",1,5,True,200,https://mybreakeven.com/blogs/ecommerce-orders-per-day-profitable/,['https://mybreakeven.com/blogs/ecommerce-orders-per-day-profitable/'],"['index,follow,max-image-preview:large,max-snippet:-1,max-video-preview:-1']",1
/blogs/ecommerce-profit-margin/,Ecommerce Profit Margin: Orders to Overhead | MyBreakeven,https://mybreakeven.com/blogs/ecommerce-profit-margin/,"index,follow,max-image-preview:large,max-snippet:-1,max-video-preview:-1",1,9,True,200,https://mybreakeven.com/blogs/ecommerce-profit-margin/,['https://mybreakeven.com/blogs/ecommerce-profit-margin/'],"['index,follow,max-image-preview:large,max-snippet:-1,max-video-preview:-1']",1
/blogs/ecommerce-return-cost-per-order/,Ecommerce Return Cost per Order Guide | MyBreakeven,https://mybreakeven.com/blogs/ecommerce-return-cost-per-order/,"index,follow,max-image-preview:large,max-snippet:-1,max-video-preview:-1",1,11,True,200,https://mybreakeven.com/blogs/ecommerce-return-cost-per-order/,['https://mybreakeven.com/blogs/ecommerce-return-cost-per-order/'],"['index,follow,max-image-preview:large,max-snippet:-1,max-video-preview:-1']",1
/blogs/ecommerce-shipping-costs/,E-commerce Shipping Costs: Pricing Formula | MyBreakeven,https://mybreakeven.com/blogs/ecommerce-shipping-costs/,"index,follow,max-image-preview:large,max-snippet:-1,max-video-preview:-1",1,8,True,200,https://mybreakeven.com/blogs/ecommerce-shipping-costs/,['https://mybreakeven.com/blogs/ecommerce-shipping-costs/'],"['index,follow,max-image-preview:large,max-snippet:-1,max-video-preview:-1']",1
/blogs/fixed-vs-variable-costs/,Fixed vs Variable Costs: Per-Unit Formula | MyBreakeven,https://mybreakeven.com/blogs/fixed-vs-variable-costs/,"index,follow,max-image-preview:large,max-snippet:-1,max-video-preview:-1",1,10,True,200,https://mybreakeven.com/blogs/fixed-vs-variable-costs/,['https://mybreakeven.com/blogs/fixed-vs-variable-costs/'],"['index,follow,max-image-preview:large,max-snippet:-1,max-video-preview:-1']",1
/blogs/fleet-detailing-contract-pricing/,Fleet Detailing Contract Pricing: Worked Quote | MyBreakeven,https://mybreakeven.com/blogs/fleet-detailing-contract-pricing/,"index,follow,max-image-preview:large,max-snippet:-1,max-video-preview:-1",1,4,True,200,https://mybreakeven.com/blogs/fleet-detailing-contract-pricing/,['https://mybreakeven.com/blogs/fleet-detailing-contract-pricing/'],"['index,follow,max-image-preview:large,max-snippet:-1,max-video-preview:-1']",1
/blogs/free-shipping-threshold-profit/,Profitable Free Shipping Threshold | MyBreakeven,https://mybreakeven.com/blogs/free-shipping-threshold-profit/,"index,follow,max-image-preview:large,max-snippet:-1,max-video-preview:-1",1,4,True,200,https://mybreakeven.com/blogs/free-shipping-threshold-profit/,['https://mybreakeven.com/blogs/free-shipping-threshold-profit/'],"['index,follow,max-image-preview:large,max-snippet:-1,max-video-preview:-1']",1
/blogs/freelance-business-plan-financials/,Freelance Business Plan: Financials | MyBreakeven,https://mybreakeven.com/blogs/freelance-business-plan-financials/,"index,follow,max-image-preview:large,max-snippet:-1,max-video-preview:-1",1,1,True,200,https://mybreakeven.com/blogs/freelance-business-plan-financials/,['https://mybreakeven.com/blogs/freelance-business-plan-financials/'],"['index,follow,max-image-preview:large,max-snippet:-1,max-video-preview:-1']",1
/blogs/hair-color-service-cost-per-appointment/,Hair Color Service Cost per Appointment | MyBreakeven,https://mybreakeven.com/blogs/hair-color-service-cost-per-appointment/,"index,follow,max-image-preview:large,max-snippet:-1,max-video-preview:-1",1,3,True,200,https://mybreakeven.com/blogs/hair-color-service-cost-per-appointment/,['https://mybreakeven.com/blogs/hair-color-service-cost-per-appointment/'],"['index,follow,max-image-preview:large,max-snippet:-1,max-video-preview:-1']",1
/blogs/how-many-agency-retainer-clients/,How Many Retainer Clients Does an Agency Need? | MyBreakeven,https://mybreakeven.com/blogs/how-many-agency-retainer-clients/,"index,follow,max-image-preview:large,max-snippet:-1,max-video-preview:-1",1,2,True,200,https://mybreakeven.com/blogs/how-many-agency-retainer-clients/,['https://mybreakeven.com/blogs/how-many-agency-retainer-clients/'],"['index,follow,max-image-preview:large,max-snippet:-1,max-video-preview:-1']",1
/blogs/how-many-cleaning-clients-5000/,"How Many Cleaning Clients for $5,000 a Month? | MyBreakeven",https://mybreakeven.com/blogs/how-many-cleaning-clients-5000/,"index,follow,max-image-preview:large,max-snippet:-1,max-video-preview:-1",1,4,True,200,https://mybreakeven.com/blogs/how-many-cleaning-clients-5000/,['https://mybreakeven.com/blogs/how-many-cleaning-clients-5000/'],"['index,follow,max-image-preview:large,max-snippet:-1,max-video-preview:-1']",1
/blogs/how-many-customers-can-you-lose-after-raising-prices/,Price Increase: Customer Loss Break-Even | MyBreakeven,https://mybreakeven.com/blogs/how-many-customers-can-you-lose-after-raising-prices/,"index,follow,max-image-preview:large,max-snippet:-1,max-video-preview:-1",1,3,True,200,https://mybreakeven.com/blogs/how-many-customers-can-you-lose-after-raising-prices/,['https://mybreakeven.com/blogs/how-many-customers-can-you-lose-after-raising-prices/'],"['index,follow,max-image-preview:large,max-snippet:-1,max-video-preview:-1']",1
/blogs/how-many-detailing-jobs-week/,Detailing Jobs Per Week to Go Full Time | MyBreakeven,https://mybreakeven.com/blogs/how-many-detailing-jobs-week/,"index,follow,max-image-preview:large,max-snippet:-1,max-video-preview:-1",1,3,True,200,https://mybreakeven.com/blogs/how-many-detailing-jobs-week/,['https://mybreakeven.com/blogs/how-many-detailing-jobs-week/'],"['index,follow,max-image-preview:large,max-snippet:-1,max-video-preview:-1']",1
/blogs/how-many-lawns-100k/,How Many Lawns to Make $100k? | MyBreakeven,https://mybreakeven.com/blogs/how-many-lawns-100k/,"index,follow,max-image-preview:large,max-snippet:-1,max-video-preview:-1",1,3,True,200,https://mybreakeven.com/blogs/how-many-lawns-100k/,['https://mybreakeven.com/blogs/how-many-lawns-100k/'],"['index,follow,max-image-preview:large,max-snippet:-1,max-video-preview:-1']",1
/blogs/how-many-photography-clients-month/,How Many Photography Clients Per Month? | MyBreakeven,https://mybreakeven.com/blogs/how-many-photography-clients-month/,"index,follow,max-image-preview:large,max-snippet:-1,max-video-preview:-1",1,3,True,200,https://mybreakeven.com/blogs/how-many-photography-clients-month/,['https://mybreakeven.com/blogs/how-many-photography-clients-month/'],"['index,follow,max-image-preview:large,max-snippet:-1,max-video-preview:-1']",1
/blogs/how-much-does-it-cost-to-open-a-restaurant/,Restaurant Startup Costs & Opening Cash Plan | MyBreakeven,https://mybreakeven.com/blogs/how-much-does-it-cost-to-open-a-restaurant/,"index,follow,max-image-preview:large,max-snippet:-1,max-video-preview:-1",1,7,True,200,https://mybreakeven.com/blogs/how-much-does-it-cost-to-open-a-restaurant/,['https://mybreakeven.com/blogs/how-much-does-it-cost-to-open-a-restaurant/'],"['index,follow,max-image-preview:large,max-snippet:-1,max-video-preview:-1']",1
/blogs/how-much-does-it-cost-to-open-a-salon/,How Much Does It Cost to Open a Salon? | MyBreakeven,https://mybreakeven.com/blogs/how-much-does-it-cost-to-open-a-salon/,"index,follow,max-image-preview:large,max-snippet:-1,max-video-preview:-1",1,1,True,200,https://mybreakeven.com/blogs/how-much-does-it-cost-to-open-a-salon/,['https://mybreakeven.com/blogs/how-much-does-it-cost-to-open-a-salon/'],"['index,follow,max-image-preview:large,max-snippet:-1,max-video-preview:-1']",1
/blogs/how-much-does-it-cost-to-start-a-cleaning-business/,Cleaning Business Startup Cost Guide | MyBreakeven,https://mybreakeven.com/blogs/how-much-does-it-cost-to-start-a-cleaning-business/,"index,follow,max-image-preview:large,max-snippet:-1,max-video-preview:-1",1,1,True,200,https://mybreakeven.com/blogs/how-much-does-it-cost-to-start-a-cleaning-business/,['https://mybreakeven.com/blogs/how-much-does-it-cost-to-start-a-cleaning-business/'],"['index,follow,max-image-preview:large,max-snippet:-1,max-video-preview:-1']",1
/blogs/how-much-does-it-cost-to-start-a-landscaping-business/,Landscaping Startup Costs and Cash Budget | MyBreakeven,https://mybreakeven.com/blogs/how-much-does-it-cost-to-start-a-landscaping-business/,"index,follow,max-image-preview:large,max-snippet:-1,max-video-preview:-1",1,1,True,200,https://mybreakeven.com/blogs/how-much-does-it-cost-to-start-a-landscaping-business/,['https://mybreakeven.com/blogs/how-much-does-it-cost-to-start-a-landscaping-business/'],"['index,follow,max-image-preview:large,max-snippet:-1,max-video-preview:-1']",1
/blogs/how-much-does-it-cost-to-start-a-marketing-agency/,Marketing Agency Startup Cost Guide | MyBreakeven,https://mybreakeven.com/blogs/how-much-does-it-cost-to-start-a-marketing-agency/,"index,follow,max-image-preview:large,max-snippet:-1,max-video-preview:-1",1,1,True,200,https://mybreakeven.com/blogs/how-much-does-it-cost-to-start-a-marketing-agency/,['https://mybreakeven.com/blogs/how-much-does-it-cost-to-start-a-marketing-agency/'],"['index,follow,max-image-preview:large,max-snippet:-1,max-video-preview:-1']",1
/blogs/how-much-does-it-cost-to-start-a-photography-business/,Photography Business Startup Cost Guide | MyBreakeven,https://mybreakeven.com/blogs/how-much-does-it-cost-to-start-a-photography-business/,"index,follow,max-image-preview:large,max-snippet:-1,max-video-preview:-1",1,1,True,200,https://mybreakeven.com/blogs/how-much-does-it-cost-to-start-a-photography-business/,['https://mybreakeven.com/blogs/how-much-does-it-cost-to-start-a-photography-business/'],"['index,follow,max-image-preview:large,max-snippet:-1,max-video-preview:-1']",1
/blogs/how-much-does-it-cost-to-start-an-ecommerce-store/,Ecommerce Store Startup Cost Guide | MyBreakeven,https://mybreakeven.com/blogs/how-much-does-it-cost-to-start-an-ecommerce-store/,"index,follow,max-image-preview:large,max-snippet:-1,max-video-preview:-1",1,6,True,200,https://mybreakeven.com/blogs/how-much-does-it-cost-to-start-an-ecommerce-store/,['https://mybreakeven.com/blogs/how-much-does-it-cost-to-start-an-ecommerce-store/'],"['index,follow,max-image-preview:large,max-snippet:-1,max-video-preview:-1']",1
/blogs/how-much-to-charge-for-house-cleaning/,House Cleaning Pricing Formula and Quote | MyBreakeven,https://mybreakeven.com/blogs/how-much-to-charge-for-house-cleaning/,"index,follow,max-image-preview:large,max-snippet:-1,max-video-preview:-1",1,9,True,200,https://mybreakeven.com/blogs/how-much-to-charge-for-house-cleaning/,['https://mybreakeven.com/blogs/how-much-to-charge-for-house-cleaning/'],"['index,follow,max-image-preview:large,max-snippet:-1,max-video-preview:-1']",1
/blogs/how-to-price-products-for-ecommerce/,"Ecommerce Pricing: Costs, Fees and Margin | MyBreakeven",https://mybreakeven.com/blogs/how-to-price-products-for-ecommerce/,"index,follow,max-image-preview:large,max-snippet:-1,max-video-preview:-1",1,9,True,200,https://mybreakeven.com/blogs/how-to-price-products-for-ecommerce/,['https://mybreakeven.com/blogs/how-to-price-products-for-ecommerce/'],"['index,follow,max-image-preview:large,max-snippet:-1,max-video-preview:-1']",1
/blogs/how-to-start-coffee-shop/,How to Start a Coffee Shop: Practical Steps | MyBreakeven,https://mybreakeven.com/blogs/how-to-start-coffee-shop/,"index,follow,max-image-preview:large,max-snippet:-1,max-video-preview:-1",1,2,True,200,https://mybreakeven.com/blogs/how-to-start-coffee-shop/,['https://mybreakeven.com/blogs/how-to-start-coffee-shop/'],"['index,follow,max-image-preview:large,max-snippet:-1,max-video-preview:-1']",1
/blogs/how-to-start-restaurant/,How to Start a Restaurant: Step-by-Step Guide | MyBreakeven,https://mybreakeven.com/blogs/how-to-start-restaurant/,"index,follow,max-image-preview:large,max-snippet:-1,max-video-preview:-1",1,2,True,200,https://mybreakeven.com/blogs/how-to-start-restaurant/,['https://mybreakeven.com/blogs/how-to-start-restaurant/'],"['index,follow,max-image-preview:large,max-snippet:-1,max-video-preview:-1']",1
/blogs/inventory-reorder-point-cash-flow/,Inventory Reorder Point and Cash Flow | MyBreakeven,https://mybreakeven.com/blogs/inventory-reorder-point-cash-flow/,"index,follow,max-image-preview:large,max-snippet:-1,max-video-preview:-1",1,1,True,200,https://mybreakeven.com/blogs/inventory-reorder-point-cash-flow/,['https://mybreakeven.com/blogs/inventory-reorder-point-cash-flow/'],"['index,follow,max-image-preview:large,max-snippet:-1,max-video-preview:-1']",1
/blogs/is-a-cleaning-business-profitable/,Is a Cleaning Business Profitable? | MyBreakeven,https://mybreakeven.com/blogs/is-a-cleaning-business-profitable/,"index,follow,max-image-preview:large,max-snippet:-1,max-video-preview:-1",1,4,True,200,https://mybreakeven.com/blogs/is-a-cleaning-business-profitable/,['https://mybreakeven.com/blogs/is-a-cleaning-business-profitable/'],"['index,follow,max-image-preview:large,max-snippet:-1,max-video-preview:-1']",1
/blogs/is-mobile-detailing-profitable/,Is Mobile Detailing Profitable? A US Guide | MyBreakeven,https://mybreakeven.com/blogs/is-mobile-detailing-profitable/,"index,follow,max-image-preview:large,max-snippet:-1,max-video-preview:-1",1,3,True,200,https://mybreakeven.com/blogs/is-mobile-detailing-profitable/,['https://mybreakeven.com/blogs/is-mobile-detailing-profitable/'],"['index,follow,max-image-preview:large,max-snippet:-1,max-video-preview:-1']",1
/blogs/landscaping-break-even/,Landscaping Break-Even: Jobs and Capacity | MyBreakeven,https://mybreakeven.com/blogs/landscaping-break-even/,"index,follow,max-image-preview:large,max-snippet:-1,max-video-preview:-1",1,8,True,200,https://mybreakeven.com/blogs/landscaping-break-even/,['https://mybreakeven.com/blogs/landscaping-break-even/'],"['index,follow,max-image-preview:large,max-snippet:-1,max-video-preview:-1']",1
/blogs/landscaping-business-profit-margin/,Landscaping Business Profit Margin | MyBreakeven,https://mybreakeven.com/blogs/landscaping-business-profit-margin/,"index,follow,max-image-preview:large,max-snippet:-1,max-video-preview:-1",1,3,True,200,https://mybreakeven.com/blogs/landscaping-business-profit-margin/,['https://mybreakeven.com/blogs/landscaping-business-profit-margin/'],"['index,follow,max-image-preview:large,max-snippet:-1,max-video-preview:-1']",1
/blogs/landscaping-crew-utilization/,Landscaping Crew Utilization | MyBreakeven,https://mybreakeven.com/blogs/landscaping-crew-utilization/,"index,follow,max-image-preview:large,max-snippet:-1,max-video-preview:-1",1,4,True,200,https://mybreakeven.com/blogs/landscaping-crew-utilization/,['https://mybreakeven.com/blogs/landscaping-crew-utilization/'],"['index,follow,max-image-preview:large,max-snippet:-1,max-video-preview:-1']",1
/blogs/landscaping-equipment-cost-per-hour/,Landscaping Equipment Cost per Hour | MyBreakeven,https://mybreakeven.com/blogs/landscaping-equipment-cost-per-hour/,"index,follow,max-image-preview:large,max-snippet:-1,max-video-preview:-1",1,5,True,200,https://mybreakeven.com/blogs/landscaping-equipment-cost-per-hour/,['https://mybreakeven.com/blogs/landscaping-equipment-cost-per-hour/'],"['index,follow,max-image-preview:large,max-snippet:-1,max-video-preview:-1']",1
/blogs/landscaping-job-costing-estimate-vs-actual/,Landscaping Job Costing: Estimate vs Actual | MyBreakeven,https://mybreakeven.com/blogs/landscaping-job-costing-estimate-vs-actual/,"index,follow,max-image-preview:large,max-snippet:-1,max-video-preview:-1",1,7,True,200,https://mybreakeven.com/blogs/landscaping-job-costing-estimate-vs-actual/,['https://mybreakeven.com/blogs/landscaping-job-costing-estimate-vs-actual/'],"['index,follow,max-image-preview:large,max-snippet:-1,max-video-preview:-1']",1
/blogs/landscaping-maintenance-contract-pricing/,Landscaping Maintenance Contract Pricing | MyBreakeven,https://mybreakeven.com/blogs/landscaping-maintenance-contract-pricing/,"index,follow,max-image-preview:large,max-snippet:-1,max-video-preview:-1",1,3,True,200,https://mybreakeven.com/blogs/landscaping-maintenance-contract-pricing/,['https://mybreakeven.com/blogs/landscaping-maintenance-contract-pricing/'],"['index,follow,max-image-preview:large,max-snippet:-1,max-video-preview:-1']",1
/blogs/landscaping-route-density-profit/,Landscaping Route Density and Job Profit | MyBreakeven,https://mybreakeven.com/blogs/landscaping-route-density-profit/,"index,follow,max-image-preview:large,max-snippet:-1,max-video-preview:-1",1,6,True,200,https://mybreakeven.com/blogs/landscaping-route-density-profit/,['https://mybreakeven.com/blogs/landscaping-route-density-profit/'],"['index,follow,max-image-preview:large,max-snippet:-1,max-video-preview:-1']",1
/blogs/landscaping-seasonal-break-even/,Landscaping Seasonal Break-Even Guide | MyBreakeven,https://mybreakeven.com/blogs/landscaping-seasonal-break-even/,"index,follow,max-image-preview:large,max-snippet:-1,max-video-preview:-1",1,7,True,200,https://mybreakeven.com/blogs/landscaping-seasonal-break-even/,['https://mybreakeven.com/blogs/landscaping-seasonal-break-even/'],"['index,follow,max-image-preview:large,max-snippet:-1,max-video-preview:-1']",1
/blogs/landscaping-subcontractor-cost/,Landscaping Subcontractor Cost | MyBreakeven,https://mybreakeven.com/blogs/landscaping-subcontractor-cost/,"index,follow,max-image-preview:large,max-snippet:-1,max-video-preview:-1",1,2,True,200,https://mybreakeven.com/blogs/landscaping-subcontractor-cost/,['https://mybreakeven.com/blogs/landscaping-subcontractor-cost/'],"['index,follow,max-image-preview:large,max-snippet:-1,max-video-preview:-1']",1
/blogs/lawn-care-pricing-per-acre/,Lawn Care Pricing Per Acre: Set Your Rates | MyBreakeven,https://mybreakeven.com/blogs/lawn-care-pricing-per-acre/,"index,follow,max-image-preview:large,max-snippet:-1,max-video-preview:-1",1,4,True,200,https://mybreakeven.com/blogs/lawn-care-pricing-per-acre/,['https://mybreakeven.com/blogs/lawn-care-pricing-per-acre/'],"['index,follow,max-image-preview:large,max-snippet:-1,max-video-preview:-1']",1
/blogs/lower-break-even-point/,How to Lower Your Break-Even Point | MyBreakeven,https://mybreakeven.com/blogs/lower-break-even-point/,"index,follow,max-image-preview:large,max-snippet:-1,max-video-preview:-1",1,4,True,200,https://mybreakeven.com/blogs/lower-break-even-point/,['https://mybreakeven.com/blogs/lower-break-even-point/'],"['index,follow,max-image-preview:large,max-snippet:-1,max-video-preview:-1']",1
/blogs/margin-of-safety-business/,Margin of Safety Formula: Units and Sales | MyBreakeven,https://mybreakeven.com/blogs/margin-of-safety-business/,"index,follow,max-image-preview:large,max-snippet:-1,max-video-preview:-1",1,2,True,200,https://mybreakeven.com/blogs/margin-of-safety-business/,['https://mybreakeven.com/blogs/margin-of-safety-business/'],"['index,follow,max-image-preview:large,max-snippet:-1,max-video-preview:-1']",1
/blogs/margin-vs-markup/,Margin vs Markup: Key Difference | MyBreakeven,https://mybreakeven.com/blogs/margin-vs-markup/,"index,follow,max-image-preview:large,max-snippet:-1,max-video-preview:-1",1,7,True,200,https://mybreakeven.com/blogs/margin-vs-markup/,['https://mybreakeven.com/blogs/margin-vs-markup/'],"['index,follow,max-image-preview:large,max-snippet:-1,max-video-preview:-1']",1
/blogs/mobile-detailing-break-even/,Mobile Detailing Break-Even Guide | MyBreakeven,https://mybreakeven.com/blogs/mobile-detailing-break-even/,"index,follow,max-image-preview:large,max-snippet:-1,max-video-preview:-1",1,9,True,200,https://mybreakeven.com/blogs/mobile-detailing-break-even/,['https://mybreakeven.com/blogs/mobile-detailing-break-even/'],"['index,follow,max-image-preview:large,max-snippet:-1,max-video-preview:-1']",1
/blogs/mobile-detailing-business-startup-cost/,Mobile Detailing Startup Cost Guide | MyBreakeven,https://mybreakeven.com/blogs/mobile-detailing-business-startup-cost/,"index,follow,max-image-preview:large,max-snippet:-1,max-video-preview:-1",1,2,True,200,https://mybreakeven.com/blogs/mobile-detailing-business-startup-cost/,['https://mybreakeven.com/blogs/mobile-detailing-business-startup-cost/'],"['index,follow,max-image-preview:large,max-snippet:-1,max-video-preview:-1']",1
/blogs/mobile-detailing-maintenance-plan-pricing/,Mobile Detailing Maintenance Plan Pricing | MyBreakeven,https://mybreakeven.com/blogs/mobile-detailing-maintenance-plan-pricing/,"index,follow,max-image-preview:large,max-snippet:-1,max-video-preview:-1",1,5,True,200,https://mybreakeven.com/blogs/mobile-detailing-maintenance-plan-pricing/,['https://mybreakeven.com/blogs/mobile-detailing-maintenance-plan-pricing/'],"['index,follow,max-image-preview:large,max-snippet:-1,max-video-preview:-1']",1
/blogs/mobile-detailing-travel-fee/,Mobile Detailing Travel Fee | MyBreakeven,https://mybreakeven.com/blogs/mobile-detailing-travel-fee/,"index,follow,max-image-preview:large,max-snippet:-1,max-video-preview:-1",1,2,True,200,https://mybreakeven.com/blogs/mobile-detailing-travel-fee/,['https://mybreakeven.com/blogs/mobile-detailing-travel-fee/'],"['index,follow,max-image-preview:large,max-snippet:-1,max-video-preview:-1']",1
/blogs/move-out-cleaning-job-cost/,Move-Out Cleaning Job Cost and Pricing | MyBreakeven,https://mybreakeven.com/blogs/move-out-cleaning-job-cost/,"index,follow,max-image-preview:large,max-snippet:-1,max-video-preview:-1",1,4,True,200,https://mybreakeven.com/blogs/move-out-cleaning-job-cost/,['https://mybreakeven.com/blogs/move-out-cleaning-job-cost/'],"['index,follow,max-image-preview:large,max-snippet:-1,max-video-preview:-1']",1
/blogs/mulch-installation-job-cost/,Mulch Installation Job Cost | MyBreakeven,https://mybreakeven.com/blogs/mulch-installation-job-cost/,"index,follow,max-image-preview:large,max-snippet:-1,max-video-preview:-1",1,2,True,200,https://mybreakeven.com/blogs/mulch-installation-job-cost/,['https://mybreakeven.com/blogs/mulch-installation-job-cost/'],"['index,follow,max-image-preview:large,max-snippet:-1,max-video-preview:-1']",1
/blogs/operating-leverage-small-business/,Operating Leverage Formula and Example | MyBreakeven,https://mybreakeven.com/blogs/operating-leverage-small-business/,"index,follow,max-image-preview:large,max-snippet:-1,max-video-preview:-1",1,1,True,200,https://mybreakeven.com/blogs/operating-leverage-small-business/,['https://mybreakeven.com/blogs/operating-leverage-small-business/'],"['index,follow,max-image-preview:large,max-snippet:-1,max-video-preview:-1']",1
/blogs/paint-correction-labor-hours-pricing/,Paint Correction Labor Hours and Pricing | MyBreakeven,https://mybreakeven.com/blogs/paint-correction-labor-hours-pricing/,"index,follow,max-image-preview:large,max-snippet:-1,max-video-preview:-1",1,1,True,200,https://mybreakeven.com/blogs/paint-correction-labor-hours-pricing/,['https://mybreakeven.com/blogs/paint-correction-labor-hours-pricing/'],"['index,follow,max-image-preview:large,max-snippet:-1,max-video-preview:-1']",1
/blogs/photography-business-break-even/,Photography Break-Even Guide | MyBreakeven,https://mybreakeven.com/blogs/photography-business-break-even/,"index,follow,max-image-preview:large,max-snippet:-1,max-video-preview:-1",1,4,True,200,https://mybreakeven.com/blogs/photography-business-break-even/,['https://mybreakeven.com/blogs/photography-business-break-even/'],"['index,follow,max-image-preview:large,max-snippet:-1,max-video-preview:-1']",1
/blogs/photography-business-profit-margin/,Photography Business Profit Margin | MyBreakeven,https://mybreakeven.com/blogs/photography-business-profit-margin/,"index,follow,max-image-preview:large,max-snippet:-1,max-video-preview:-1",1,5,True,200,https://mybreakeven.com/blogs/photography-business-profit-margin/,['https://mybreakeven.com/blogs/photography-business-profit-margin/'],"['index,follow,max-image-preview:large,max-snippet:-1,max-video-preview:-1']",1
/blogs/photography-cost-per-session-editing/,Photography Cost per Session and Editing | MyBreakeven,https://mybreakeven.com/blogs/photography-cost-per-session-editing/,"index,follow,max-image-preview:large,max-snippet:-1,max-video-preview:-1",1,8,True,200,https://mybreakeven.com/blogs/photography-cost-per-session-editing/,['https://mybreakeven.com/blogs/photography-cost-per-session-editing/'],"['index,follow,max-image-preview:large,max-snippet:-1,max-video-preview:-1']",1
/blogs/photography-mini-session-profit/,Photography Mini Session Profit Guide | MyBreakeven,https://mybreakeven.com/blogs/photography-mini-session-profit/,"index,follow,max-image-preview:large,max-snippet:-1,max-video-preview:-1",1,2,True,200,https://mybreakeven.com/blogs/photography-mini-session-profit/,['https://mybreakeven.com/blogs/photography-mini-session-profit/'],"['index,follow,max-image-preview:large,max-snippet:-1,max-video-preview:-1']",1
/blogs/photography-pricing-packages/,Photography Package Pricing: Cost and Margin | MyBreakeven,https://mybreakeven.com/blogs/photography-pricing-packages/,"index,follow,max-image-preview:large,max-snippet:-1,max-video-preview:-1",1,10,True,200,https://mybreakeven.com/blogs/photography-pricing-packages/,['https://mybreakeven.com/blogs/photography-pricing-packages/'],"['index,follow,max-image-preview:large,max-snippet:-1,max-video-preview:-1']",1
/blogs/photography-print-package-profit/,Photography Print Package Profit | MyBreakeven,https://mybreakeven.com/blogs/photography-print-package-profit/,"index,follow,max-image-preview:large,max-snippet:-1,max-video-preview:-1",1,2,True,200,https://mybreakeven.com/blogs/photography-print-package-profit/,['https://mybreakeven.com/blogs/photography-print-package-profit/'],"['index,follow,max-image-preview:large,max-snippet:-1,max-video-preview:-1']",1
/blogs/photography-second-shooter-cost/,Photography Second-Shooter Cost | MyBreakeven,https://mybreakeven.com/blogs/photography-second-shooter-cost/,"index,follow,max-image-preview:large,max-snippet:-1,max-video-preview:-1",1,2,True,200,https://mybreakeven.com/blogs/photography-second-shooter-cost/,['https://mybreakeven.com/blogs/photography-second-shooter-cost/'],"['index,follow,max-image-preview:large,max-snippet:-1,max-video-preview:-1']",1
/blogs/photography-usage-licensing-pricing/,Photography Usage Licensing Pricing | MyBreakeven,https://mybreakeven.com/blogs/photography-usage-licensing-pricing/,"index,follow,max-image-preview:large,max-snippet:-1,max-video-preview:-1",1,2,True,200,https://mybreakeven.com/blogs/photography-usage-licensing-pricing/,['https://mybreakeven.com/blogs/photography-usage-licensing-pricing/'],"['index,follow,max-image-preview:large,max-snippet:-1,max-video-preview:-1']",1
/blogs/post-construction-cleaning-estimate/,Post-Construction Cleaning Job Estimate | MyBreakeven,https://mybreakeven.com/blogs/post-construction-cleaning-estimate/,"index,follow,max-image-preview:large,max-snippet:-1,max-video-preview:-1",1,4,True,200,https://mybreakeven.com/blogs/post-construction-cleaning-estimate/,['https://mybreakeven.com/blogs/post-construction-cleaning-estimate/'],"['index,follow,max-image-preview:large,max-snippet:-1,max-video-preview:-1']",1
/blogs/product-photography-pricing-per-image/,Product Photography Pricing per Image | MyBreakeven,https://mybreakeven.com/blogs/product-photography-pricing-per-image/,"index,follow,max-image-preview:large,max-snippet:-1,max-video-preview:-1",1,3,True,200,https://mybreakeven.com/blogs/product-photography-pricing-per-image/,['https://mybreakeven.com/blogs/product-photography-pricing-per-image/'],"['index,follow,max-image-preview:large,max-snippet:-1,max-video-preview:-1']",1
/blogs/recurring-vs-one-time-cleaning-profitability/,Recurring vs One-Time Cleaning Profit | MyBreakeven,https://mybreakeven.com/blogs/recurring-vs-one-time-cleaning-profitability/,"index,follow,max-image-preview:large,max-snippet:-1,max-video-preview:-1",1,6,True,200,https://mybreakeven.com/blogs/recurring-vs-one-time-cleaning-profitability/,['https://mybreakeven.com/blogs/recurring-vs-one-time-cleaning-profitability/'],"['index,follow,max-image-preview:large,max-snippet:-1,max-video-preview:-1']",1
/blogs/restaurant-break-even/,Restaurant Break-Even: Orders and Capacity | MyBreakeven,https://mybreakeven.com/blogs/restaurant-break-even/,"index,follow,max-image-preview:large,max-snippet:-1,max-video-preview:-1",1,5,True,200,https://mybreakeven.com/blogs/restaurant-break-even/,['https://mybreakeven.com/blogs/restaurant-break-even/'],"['index,follow,max-image-preview:large,max-snippet:-1,max-video-preview:-1']",1
/blogs/restaurant-budgeting/,Restaurant Budgeting: Plan and Template | MyBreakeven,https://mybreakeven.com/blogs/restaurant-budgeting/,"index,follow,max-image-preview:large,max-snippet:-1,max-video-preview:-1",1,10,True,200,https://mybreakeven.com/blogs/restaurant-budgeting/,['https://mybreakeven.com/blogs/restaurant-budgeting/'],"['index,follow,max-image-preview:large,max-snippet:-1,max-video-preview:-1']",1
/blogs/restaurant-business-plan/,Restaurant Business Plan: Example & Template | MyBreakeven,https://mybreakeven.com/blogs/restaurant-business-plan/,"index,follow,max-image-preview:large,max-snippet:-1,max-video-preview:-1",1,3,True,200,https://mybreakeven.com/blogs/restaurant-business-plan/,['https://mybreakeven.com/blogs/restaurant-business-plan/'],"['index,follow,max-image-preview:large,max-snippet:-1,max-video-preview:-1']",1
/blogs/restaurant-covers-per-night-break-even/,Restaurant Covers Needed Per Night | MyBreakeven,https://mybreakeven.com/blogs/restaurant-covers-per-night-break-even/,"index,follow,max-image-preview:large,max-snippet:-1,max-video-preview:-1",1,7,True,200,https://mybreakeven.com/blogs/restaurant-covers-per-night-break-even/,['https://mybreakeven.com/blogs/restaurant-covers-per-night-break-even/'],"['index,follow,max-image-preview:large,max-snippet:-1,max-video-preview:-1']",1
/blogs/restaurant-delivery-app-commission-profit-per-order/,Delivery App Commission: Profit per Order | MyBreakeven,https://mybreakeven.com/blogs/restaurant-delivery-app-commission-profit-per-order/,"index,follow,max-image-preview:large,max-snippet:-1,max-video-preview:-1",1,4,True,200,https://mybreakeven.com/blogs/restaurant-delivery-app-commission-profit-per-order/,['https://mybreakeven.com/blogs/restaurant-delivery-app-commission-profit-per-order/'],"['index,follow,max-image-preview:large,max-snippet:-1,max-video-preview:-1']",1
/blogs/restaurant-food-cost-percentage/,Restaurant Food Cost Percentage Formula | MyBreakeven,https://mybreakeven.com/blogs/restaurant-food-cost-percentage/,"index,follow,max-image-preview:large,max-snippet:-1,max-video-preview:-1",1,11,True,200,https://mybreakeven.com/blogs/restaurant-food-cost-percentage/,['https://mybreakeven.com/blogs/restaurant-food-cost-percentage/'],"['index,follow,max-image-preview:large,max-snippet:-1,max-video-preview:-1']",1
/blogs/restaurant-labor-cost-percentage/,Restaurant Labor Cost Percentage: Formula | MyBreakeven,https://mybreakeven.com/blogs/restaurant-labor-cost-percentage/,"index,follow,max-image-preview:large,max-snippet:-1,max-video-preview:-1",1,5,True,200,https://mybreakeven.com/blogs/restaurant-labor-cost-percentage/,['https://mybreakeven.com/blogs/restaurant-labor-cost-percentage/'],"['index,follow,max-image-preview:large,max-snippet:-1,max-video-preview:-1']",1
/blogs/restaurant-menu-engineering-contribution-margin/,Menu Engineering Contribution Margin | MyBreakeven,https://mybreakeven.com/blogs/restaurant-menu-engineering-contribution-margin/,"index,follow,max-image-preview:large,max-snippet:-1,max-video-preview:-1",1,1,True,200,https://mybreakeven.com/blogs/restaurant-menu-engineering-contribution-margin/,['https://mybreakeven.com/blogs/restaurant-menu-engineering-contribution-margin/'],"['index,follow,max-image-preview:large,max-snippet:-1,max-video-preview:-1']",1
/blogs/restaurant-menu-pricing-formula/,Restaurant Menu Pricing Formula | MyBreakeven,https://mybreakeven.com/blogs/restaurant-menu-pricing-formula/,"index,follow,max-image-preview:large,max-snippet:-1,max-video-preview:-1",1,8,True,200,https://mybreakeven.com/blogs/restaurant-menu-pricing-formula/,['https://mybreakeven.com/blogs/restaurant-menu-pricing-formula/'],"['index,follow,max-image-preview:large,max-snippet:-1,max-video-preview:-1']",1
/blogs/restaurant-prime-cost/,Restaurant Prime Cost: Formula and Examples | MyBreakeven,https://mybreakeven.com/blogs/restaurant-prime-cost/,"index,follow,max-image-preview:large,max-snippet:-1,max-video-preview:-1",1,5,True,200,https://mybreakeven.com/blogs/restaurant-prime-cost/,['https://mybreakeven.com/blogs/restaurant-prime-cost/'],"['index,follow,max-image-preview:large,max-snippet:-1,max-video-preview:-1']",1
/blogs/restaurant-private-event-minimum-spend/,Restaurant Private Event Minimum Spend | MyBreakeven,https://mybreakeven.com/blogs/restaurant-private-event-minimum-spend/,"index,follow,max-image-preview:large,max-snippet:-1,max-video-preview:-1",1,1,True,200,https://mybreakeven.com/blogs/restaurant-private-event-minimum-spend/,['https://mybreakeven.com/blogs/restaurant-private-event-minimum-spend/'],"['index,follow,max-image-preview:large,max-snippet:-1,max-video-preview:-1']",1
/blogs/restaurant-profit-margin-average/,Restaurant Profit Margins: What to Expect | MyBreakeven,https://mybreakeven.com/blogs/restaurant-profit-margin-average/,"index,follow,max-image-preview:large,max-snippet:-1,max-video-preview:-1",1,5,True,200,https://mybreakeven.com/blogs/restaurant-profit-margin-average/,['https://mybreakeven.com/blogs/restaurant-profit-margin-average/'],"['index,follow,max-image-preview:large,max-snippet:-1,max-video-preview:-1']",1
/blogs/restaurant-sales-forecast/,Restaurant Sales Forecast: Monthly Example | MyBreakeven,https://mybreakeven.com/blogs/restaurant-sales-forecast/,"index,follow,max-image-preview:large,max-snippet:-1,max-video-preview:-1",1,6,True,200,https://mybreakeven.com/blogs/restaurant-sales-forecast/,['https://mybreakeven.com/blogs/restaurant-sales-forecast/'],"['index,follow,max-image-preview:large,max-snippet:-1,max-video-preview:-1']",1
/blogs/restaurant-takeout-vs-dine-in-profit-per-order/,Takeout vs Dine-In Profit per Order | MyBreakeven,https://mybreakeven.com/blogs/restaurant-takeout-vs-dine-in-profit-per-order/,"index,follow,max-image-preview:large,max-snippet:-1,max-video-preview:-1",1,1,True,200,https://mybreakeven.com/blogs/restaurant-takeout-vs-dine-in-profit-per-order/,['https://mybreakeven.com/blogs/restaurant-takeout-vs-dine-in-profit-per-order/'],"['index,follow,max-image-preview:large,max-snippet:-1,max-video-preview:-1']",1
/blogs/retail-break-even-analysis/,Retail Store Break-Even Analysis | MyBreakeven,https://mybreakeven.com/blogs/retail-break-even-analysis/,"index,follow,max-image-preview:large,max-snippet:-1,max-video-preview:-1",1,1,True,200,https://mybreakeven.com/blogs/retail-break-even-analysis/,['https://mybreakeven.com/blogs/retail-break-even-analysis/'],"['index,follow,max-image-preview:large,max-snippet:-1,max-video-preview:-1']",1
/blogs/salon-booth-rent-vs-commission-owner/,Salon Booth Rent vs Commission: Owner Math | MyBreakeven,https://mybreakeven.com/blogs/salon-booth-rent-vs-commission-owner/,"index,follow,max-image-preview:large,max-snippet:-1,max-video-preview:-1",1,3,True,200,https://mybreakeven.com/blogs/salon-booth-rent-vs-commission-owner/,['https://mybreakeven.com/blogs/salon-booth-rent-vs-commission-owner/'],"['index,follow,max-image-preview:large,max-snippet:-1,max-video-preview:-1']",1
/blogs/salon-break-even/,Salon Break-Even and Pricing Guide | MyBreakeven,https://mybreakeven.com/blogs/salon-break-even/,"index,follow,max-image-preview:large,max-snippet:-1,max-video-preview:-1",1,7,True,200,https://mybreakeven.com/blogs/salon-break-even/,['https://mybreakeven.com/blogs/salon-break-even/'],"['index,follow,max-image-preview:large,max-snippet:-1,max-video-preview:-1']",1
/blogs/salon-clients-per-day-break-even/,Salon Clients Per Day to Break Even | MyBreakeven,https://mybreakeven.com/blogs/salon-clients-per-day-break-even/,"index,follow,max-image-preview:large,max-snippet:-1,max-video-preview:-1",1,6,True,200,https://mybreakeven.com/blogs/salon-clients-per-day-break-even/,['https://mybreakeven.com/blogs/salon-clients-per-day-break-even/'],"['index,follow,max-image-preview:large,max-snippet:-1,max-video-preview:-1']",1
/blogs/salon-membership-pricing/,Salon Membership Pricing | MyBreakeven,https://mybreakeven.com/blogs/salon-membership-pricing/,"index,follow,max-image-preview:large,max-snippet:-1,max-video-preview:-1",1,1,True,200,https://mybreakeven.com/blogs/salon-membership-pricing/,['https://mybreakeven.com/blogs/salon-membership-pricing/'],"['index,follow,max-image-preview:large,max-snippet:-1,max-video-preview:-1']",1
/blogs/salon-no-show-cost/,Salon No-Show Cost and Contribution | MyBreakeven,https://mybreakeven.com/blogs/salon-no-show-cost/,"index,follow,max-image-preview:large,max-snippet:-1,max-video-preview:-1",1,1,True,200,https://mybreakeven.com/blogs/salon-no-show-cost/,['https://mybreakeven.com/blogs/salon-no-show-cost/'],"['index,follow,max-image-preview:large,max-snippet:-1,max-video-preview:-1']",1
/blogs/salon-profit-margin/,Salon Profit Margin After Owner Pay | MyBreakeven,https://mybreakeven.com/blogs/salon-profit-margin/,"index,follow,max-image-preview:large,max-snippet:-1,max-video-preview:-1",1,6,True,200,https://mybreakeven.com/blogs/salon-profit-margin/,['https://mybreakeven.com/blogs/salon-profit-margin/'],"['index,follow,max-image-preview:large,max-snippet:-1,max-video-preview:-1']",1
/blogs/salon-retail-product-profit-margin/,Salon Retail Product Profit Margin | MyBreakeven,https://mybreakeven.com/blogs/salon-retail-product-profit-margin/,"index,follow,max-image-preview:large,max-snippet:-1,max-video-preview:-1",1,2,True,200,https://mybreakeven.com/blogs/salon-retail-product-profit-margin/,['https://mybreakeven.com/blogs/salon-retail-product-profit-margin/'],"['index,follow,max-image-preview:large,max-snippet:-1,max-video-preview:-1']",1
/blogs/salon-service-pricing/,Salon Service Pricing Guide | MyBreakeven,https://mybreakeven.com/blogs/salon-service-pricing/,"index,follow,max-image-preview:large,max-snippet:-1,max-video-preview:-1",1,10,True,200,https://mybreakeven.com/blogs/salon-service-pricing/,['https://mybreakeven.com/blogs/salon-service-pricing/'],"['index,follow,max-image-preview:large,max-snippet:-1,max-video-preview:-1']",1
/blogs/snow-removal-pricing/,Snow Removal Pricing | MyBreakeven,https://mybreakeven.com/blogs/snow-removal-pricing/,"index,follow,max-image-preview:large,max-snippet:-1,max-video-preview:-1",1,2,True,200,https://mybreakeven.com/blogs/snow-removal-pricing/,['https://mybreakeven.com/blogs/snow-removal-pricing/'],"['index,follow,max-image-preview:large,max-snippet:-1,max-video-preview:-1']",1
/blogs/subscription-box-churn-break-even/,Subscription Box Churn and Break-Even | MyBreakeven,https://mybreakeven.com/blogs/subscription-box-churn-break-even/,"index,follow,max-image-preview:large,max-snippet:-1,max-video-preview:-1",1,1,True,200,https://mybreakeven.com/blogs/subscription-box-churn-break-even/,['https://mybreakeven.com/blogs/subscription-box-churn-break-even/'],"['index,follow,max-image-preview:large,max-snippet:-1,max-video-preview:-1']",1
/blogs/target-profit-sales-formula/,Target Profit Formula: Sales and Units | MyBreakeven,https://mybreakeven.com/blogs/target-profit-sales-formula/,"index,follow,max-image-preview:large,max-snippet:-1,max-video-preview:-1",1,5,True,200,https://mybreakeven.com/blogs/target-profit-sales-formula/,['https://mybreakeven.com/blogs/target-profit-sales-formula/'],"['index,follow,max-image-preview:large,max-snippet:-1,max-video-preview:-1']",1
/calculators/agency-break-even-calculator/,Agency & Freelancer Break-Even Calculator | MyBreakeven,https://mybreakeven.com/calculators/agency-break-even-calculator/,"index,follow,max-image-preview:large,max-snippet:-1,max-video-preview:-1",1,16,True,200,https://mybreakeven.com/calculators/agency-break-even-calculator/,['https://mybreakeven.com/calculators/agency-break-even-calculator/'],"['index,follow,max-image-preview:large,max-snippet:-1,max-video-preview:-1']",1
/calculators/break-even-roas-calculator/,Break-Even ROAS Calculator | MyBreakeven,https://mybreakeven.com/calculators/break-even-roas-calculator/,"index,follow,max-image-preview:large,max-snippet:-1,max-video-preview:-1",1,4,True,200,https://mybreakeven.com/calculators/break-even-roas-calculator/,['https://mybreakeven.com/calculators/break-even-roas-calculator/'],"['index,follow,max-image-preview:large,max-snippet:-1,max-video-preview:-1']",1
/calculators/cash-runway-calculator/,Cash Runway Calculator for Small Business | MyBreakeven,https://mybreakeven.com/calculators/cash-runway-calculator/,"index,follow,max-image-preview:large,max-snippet:-1,max-video-preview:-1",1,11,True,200,https://mybreakeven.com/calculators/cash-runway-calculator/,['https://mybreakeven.com/calculators/cash-runway-calculator/'],"['index,follow,max-image-preview:large,max-snippet:-1,max-video-preview:-1']",1
/calculators/cleaning-business-break-even-calculator/,Cleaning Business Break-Even Calculator | MyBreakeven,https://mybreakeven.com/calculators/cleaning-business-break-even-calculator/,"index,follow,max-image-preview:large,max-snippet:-1,max-video-preview:-1",1,17,True,200,https://mybreakeven.com/calculators/cleaning-business-break-even-calculator/,['https://mybreakeven.com/calculators/cleaning-business-break-even-calculator/'],"['index,follow,max-image-preview:large,max-snippet:-1,max-video-preview:-1']",1
/calculators/cleaning-contract-profit-calculator/,Cleaning Contract Profit Calculator | MyBreakeven,https://mybreakeven.com/calculators/cleaning-contract-profit-calculator/,"index,follow,max-image-preview:large,max-snippet:-1,max-video-preview:-1",1,3,True,200,https://mybreakeven.com/calculators/cleaning-contract-profit-calculator/,['https://mybreakeven.com/calculators/cleaning-contract-profit-calculator/'],"['index,follow,max-image-preview:large,max-snippet:-1,max-video-preview:-1']",1
/calculators/detailing-chemical-cost-calculator/,Detailing Chemical Cost Calculator | MyBreakeven,https://mybreakeven.com/calculators/detailing-chemical-cost-calculator/,"index,follow,max-image-preview:large,max-snippet:-1,max-video-preview:-1",1,3,True,200,https://mybreakeven.com/calculators/detailing-chemical-cost-calculator/,['https://mybreakeven.com/calculators/detailing-chemical-cost-calculator/'],"['index,follow,max-image-preview:large,max-snippet:-1,max-video-preview:-1']",1
/calculators/discount-break-even-calculator/,Discount Break-Even Calculator | MyBreakeven,https://mybreakeven.com/calculators/discount-break-even-calculator/,"index,follow,max-image-preview:large,max-snippet:-1,max-video-preview:-1",1,9,True,200,https://mybreakeven.com/calculators/discount-break-even-calculator/,['https://mybreakeven.com/calculators/discount-break-even-calculator/'],"['index,follow,max-image-preview:large,max-snippet:-1,max-video-preview:-1']",1
/calculators/ecommerce-break-even-calculator/,E-commerce Break-Even Calculator | MyBreakeven,https://mybreakeven.com/calculators/ecommerce-break-even-calculator/,"index,follow,max-image-preview:large,max-snippet:-1,max-video-preview:-1",1,22,True,200,https://mybreakeven.com/calculators/ecommerce-break-even-calculator/,['https://mybreakeven.com/calculators/ecommerce-break-even-calculator/'],"['index,follow,max-image-preview:large,max-snippet:-1,max-video-preview:-1']",1
/calculators/ecommerce-return-cost-calculator/,Ecommerce Return Cost Calculator | MyBreakeven,https://mybreakeven.com/calculators/ecommerce-return-cost-calculator/,"index,follow,max-image-preview:large,max-snippet:-1,max-video-preview:-1",1,3,True,200,https://mybreakeven.com/calculators/ecommerce-return-cost-calculator/,['https://mybreakeven.com/calculators/ecommerce-return-cost-calculator/'],"['index,follow,max-image-preview:large,max-snippet:-1,max-video-preview:-1']",1
/calculators/hair-color-product-cost-calculator/,Hair Color Product Cost Calculator | MyBreakeven,https://mybreakeven.com/calculators/hair-color-product-cost-calculator/,"index,follow,max-image-preview:large,max-snippet:-1,max-video-preview:-1",1,3,True,200,https://mybreakeven.com/calculators/hair-color-product-cost-calculator/,['https://mybreakeven.com/calculators/hair-color-product-cost-calculator/'],"['index,follow,max-image-preview:large,max-snippet:-1,max-video-preview:-1']",1
/calculators/hourly-rate-calculator/,Hourly Rate Calculator for Freelancers | MyBreakeven,https://mybreakeven.com/calculators/hourly-rate-calculator/,"index,follow,max-image-preview:large,max-snippet:-1,max-video-preview:-1",1,6,True,200,https://mybreakeven.com/calculators/hourly-rate-calculator/,['https://mybreakeven.com/calculators/hourly-rate-calculator/'],"['index,follow,max-image-preview:large,max-snippet:-1,max-video-preview:-1']",1
/calculators/landscaping-break-even-calculator/,Landscaping Break-Even Calculator | MyBreakeven,https://mybreakeven.com/calculators/landscaping-break-even-calculator/,"index,follow,max-image-preview:large,max-snippet:-1,max-video-preview:-1",1,16,True,200,https://mybreakeven.com/calculators/landscaping-break-even-calculator/,['https://mybreakeven.com/calculators/landscaping-break-even-calculator/'],"['index,follow,max-image-preview:large,max-snippet:-1,max-video-preview:-1']",1
/calculators/lawn-route-profit-calculator/,Lawn Route Profit Calculator | MyBreakeven,https://mybreakeven.com/calculators/lawn-route-profit-calculator/,"index,follow,max-image-preview:large,max-snippet:-1,max-video-preview:-1",1,3,True,200,https://mybreakeven.com/calculators/lawn-route-profit-calculator/,['https://mybreakeven.com/calculators/lawn-route-profit-calculator/'],"['index,follow,max-image-preview:large,max-snippet:-1,max-video-preview:-1']",1
/calculators/mobile-detailing-break-even-calculator/,Mobile Detailing Break-Even Calculator | MyBreakeven,https://mybreakeven.com/calculators/mobile-detailing-break-even-calculator/,"index,follow,max-image-preview:large,max-snippet:-1,max-video-preview:-1",1,12,True,200,https://mybreakeven.com/calculators/mobile-detailing-break-even-calculator/,['https://mybreakeven.com/calculators/mobile-detailing-break-even-calculator/'],"['index,follow,max-image-preview:large,max-snippet:-1,max-video-preview:-1']",1
/calculators/photography-business-break-even-calculator/,Photography Business Break-Even Calculator | MyBreakeven,https://mybreakeven.com/calculators/photography-business-break-even-calculator/,"index,follow,max-image-preview:large,max-snippet:-1,max-video-preview:-1",1,13,True,200,https://mybreakeven.com/calculators/photography-business-break-even-calculator/,['https://mybreakeven.com/calculators/photography-business-break-even-calculator/'],"['index,follow,max-image-preview:large,max-snippet:-1,max-video-preview:-1']",1
/calculators/price-increase-calculator/,Price Increase Calculator: Customer Loss | MyBreakeven,https://mybreakeven.com/calculators/price-increase-calculator/,"index,follow,max-image-preview:large,max-snippet:-1,max-video-preview:-1",1,10,True,200,https://mybreakeven.com/calculators/price-increase-calculator/,['https://mybreakeven.com/calculators/price-increase-calculator/'],"['index,follow,max-image-preview:large,max-snippet:-1,max-video-preview:-1']",1
/calculators/restaurant-break-even-calculator/,Restaurant Break-Even Calculator | MyBreakeven,https://mybreakeven.com/calculators/restaurant-break-even-calculator/,"index,follow,max-image-preview:large,max-snippet:-1,max-video-preview:-1",1,22,True,200,https://mybreakeven.com/calculators/restaurant-break-even-calculator/,['https://mybreakeven.com/calculators/restaurant-break-even-calculator/'],"['index,follow,max-image-preview:large,max-snippet:-1,max-video-preview:-1']",1
/calculators/salon-break-even-calculator/,Salon Break-Even Calculator | MyBreakeven,https://mybreakeven.com/calculators/salon-break-even-calculator/,"index,follow,max-image-preview:large,max-snippet:-1,max-video-preview:-1",1,13,True,200,https://mybreakeven.com/calculators/salon-break-even-calculator/,['https://mybreakeven.com/calculators/salon-break-even-calculator/'],"['index,follow,max-image-preview:large,max-snippet:-1,max-video-preview:-1']",1
/contact-us/,Contact MyBreakeven,https://mybreakeven.com/contact-us/,"index,follow,max-image-preview:large,max-snippet:-1,max-video-preview:-1",1,154,True,200,https://mybreakeven.com/contact-us/,['https://mybreakeven.com/contact-us/'],"['index,follow,max-image-preview:large,max-snippet:-1,max-video-preview:-1']",1
/cookie-policy/,Cookie Policy | MyBreakeven,https://mybreakeven.com/cookie-policy/,"index,follow,max-image-preview:large,max-snippet:-1,max-video-preview:-1",1,154,True,200,https://mybreakeven.com/cookie-policy/,['https://mybreakeven.com/cookie-policy/'],"['index,follow,max-image-preview:large,max-snippet:-1,max-video-preview:-1']",1
/dashboard/,Your MyBreakeven dashboard,https://mybreakeven.com/dashboard/,"noindex,nofollow",1,1,False,200,https://mybreakeven.com/dashboard/,['https://mybreakeven.com/dashboard/'],"['noindex,nofollow']",1
/forgot-password/,Reset your MyBreakeven password,https://mybreakeven.com/forgot-password/,"noindex,nofollow",1,0,False,200,https://mybreakeven.com/forgot-password/,['https://mybreakeven.com/forgot-password/'],"['noindex,nofollow']",1
/login/,Log in to MyBreakeven,https://mybreakeven.com/login/,"noindex,nofollow",1,155,False,200,https://mybreakeven.com/login/,['https://mybreakeven.com/login/'],"['noindex,nofollow']",1
/pricing/,MyBreakeven Pricing: Free & Pro Business Planning,https://mybreakeven.com/pricing/,"index,follow,max-image-preview:large,max-snippet:-1,max-video-preview:-1",1,154,True,200,https://mybreakeven.com/pricing/,['https://mybreakeven.com/pricing/'],"['index,follow,max-image-preview:large,max-snippet:-1,max-video-preview:-1']",1
/privacy-policy/,Privacy Policy | MyBreakeven,https://mybreakeven.com/privacy-policy/,"index,follow,max-image-preview:large,max-snippet:-1,max-video-preview:-1",1,154,True,200,https://mybreakeven.com/privacy-policy/,['https://mybreakeven.com/privacy-policy/'],"['index,follow,max-image-preview:large,max-snippet:-1,max-video-preview:-1']",1
/pro-user-guide/,MyBreakeven Pro Calculator User Guide,https://mybreakeven.com/pro-user-guide/,"index,follow,max-image-preview:large,max-snippet:-1,max-video-preview:-1",1,1,True,200,https://mybreakeven.com/pro-user-guide/,['https://mybreakeven.com/pro-user-guide/'],"['index,follow,max-image-preview:large,max-snippet:-1,max-video-preview:-1']",1
/refund-policy/,Refund Policy | MyBreakeven,https://mybreakeven.com/refund-policy/,"index,follow,max-image-preview:large,max-snippet:-1,max-video-preview:-1",1,154,True,200,https://mybreakeven.com/refund-policy/,['https://mybreakeven.com/refund-policy/'],"['index,follow,max-image-preview:large,max-snippet:-1,max-video-preview:-1']",1
/reset-password/,Choose a new MyBreakeven password,https://mybreakeven.com/reset-password/,"noindex,nofollow",1,0,False,200,https://mybreakeven.com/reset-password/,['https://mybreakeven.com/reset-password/'],"['noindex,nofollow']",1
/signup/,Create a MyBreakeven account,https://mybreakeven.com/signup/,"noindex,nofollow",1,0,False,200,https://mybreakeven.com/signup/,['https://mybreakeven.com/signup/'],"['noindex,nofollow']",1
/terms-of-service/,Terms of Service | MyBreakeven,https://mybreakeven.com/terms-of-service/,"index,follow,max-image-preview:large,max-snippet:-1,max-video-preview:-1",1,154,True,200,https://mybreakeven.com/terms-of-service/,['https://mybreakeven.com/terms-of-service/'],"['index,follow,max-image-preview:large,max-snippet:-1,max-video-preview:-1']",1
/tools/,"Free Business Calculators: Profit, Pricing & Costs | MyBreakeven",https://mybreakeven.com/tools/,"index,follow,max-image-preview:large,max-snippet:-1,max-video-preview:-1",1,154,True,200,https://mybreakeven.com/tools/,['https://mybreakeven.com/tools/'],"['index,follow,max-image-preview:large,max-snippet:-1,max-video-preview:-1']",1
