slug,industry,guide_type,primary_intent,published,modified
"agency-client-concentration-revenue-risk","Agency","BUSINESS PLANNING GUIDE","Agency Client Concentration: Revenue, Contribution and Cash","2026-10-07","2026-10-07"
"agency-employee-vs-freelancer-break-even","Agency","PROFITABILITY GUIDE","Agency Employee vs Freelancer: Find the Workload Threshold","2026-10-07","2026-10-07"
"agency-project-vs-retainer-profitability","Agency","PROFITABILITY GUIDE","Agency Project vs Retainer Profitability: Count the Hours","2026-10-07","2026-10-07"
"amazon-marketplace-vs-own-store-profit-per-order","E-commerce","PROFITABILITY GUIDE","Amazon vs Your Own Store: Compare Contribution per Order","2026-10-07","2026-10-07"
"bridal-hair-and-makeup-package-pricing-for-salons","Salon","PRICING GUIDE","Bridal Hair and Makeup Pricing: Cost the Whole Booking","2026-10-07","2026-10-07"
"coffee-shop-drink-contribution-margin","Restaurant","PROFITABILITY GUIDE","Coffee Shop Drink Contribution Margin: Cost Each Cup","2026-10-07","2026-10-07"
"ecommerce-inventory-holding-cost-per-sku","E-commerce","BUSINESS PLANNING GUIDE","Inventory Holding Cost per SKU: Price the Stock You Keep","2026-10-07","2026-10-07"
"inventory-reorder-point-cash-flow","E-commerce","BUSINESS PLANNING GUIDE","Inventory Reorder Point: Protect Stock and Cash Together","2026-10-07","2026-10-07"
"photography-print-package-profit","Photography","PROFITABILITY GUIDE","Photography Print Package Profit: Albums, Time and Fees","2026-10-07","2026-10-07"
"restaurant-menu-engineering-contribution-margin","Restaurant","PROFITABILITY GUIDE","Menu Engineering: Contribution, Popularity and Kitchen Time","2026-10-07","2026-10-07"
"restaurant-private-event-minimum-spend","Restaurant","PRICING GUIDE","Restaurant Private-Event Minimum Spend: Price the Space","2026-10-07","2026-10-07"
"restaurant-takeout-vs-dine-in-profit-per-order","Restaurant","PROFITABILITY GUIDE","Takeout vs Dine-In Profit: Compare the Whole Order","2026-10-07","2026-10-07"
"subscription-box-churn-break-even","E-commerce","PROFITABILITY GUIDE","Subscription Box Churn and Break-Even: Count Active Orders","2026-10-07","2026-10-07"
"cleaning-minimum-booking-charge","Cleaning","BUSINESS PLANNING GUIDE","Cleaning Minimum Booking Charge: Cost, Time and Route","2026-10-06","2026-10-06"
"salon-no-show-cost","Salon","BUSINESS PLANNING GUIDE","Salon No-Show Cost: Missed Slots, Fees and Contribution","2026-10-06","2026-10-06"
"catering-quote-profit","Restaurant","PROFITABILITY GUIDE","Catering Quote Profit: Guest Count, Labor and Event Scope","2026-10-06","2026-10-06"
"landscaping-subcontractor-cost","Landscaping","BUSINESS PLANNING GUIDE","Landscaping Subcontractor Cost: Compare Delivery Options","2026-10-06","2026-10-06"
"retail-break-even-analysis","E-commerce","PROFITABILITY GUIDE","Retail Store Break-Even: Receipts, Stock and Staffing","2026-10-06","2026-10-07"
"freelance-business-plan-financials","Agency","BUSINESS PLANNING GUIDE","Freelance Business Plan: Price, Income and Working Hours","2026-10-06","2026-10-07"
"cash-flow-forecast-vs-break-even","Agency","PROFITABILITY GUIDE","Small Business Cash Flow Forecast: A Weekly Worked Example","2026-10-06","2026-10-07"
"agency-scope-creep-cost","Agency","BUSINESS PLANNING GUIDE","Agency Scope Creep: What Unpaid Extra Work Costs","2026-10-06","2026-10-06"
"ecommerce-bundle-pricing-profit","E-commerce","PRICING GUIDE","Ecommerce Bundle Pricing: Does the Discount Leave Enough?","2026-10-06","2026-10-06"
"paint-correction-labor-hours-pricing","Mobile Detailing","PRICING GUIDE","Paint Correction Pricing: What Extra Hours Cost","2026-10-05","2026-10-05"
"mobile-detailing-travel-fee","Mobile Detailing","BUSINESS PLANNING GUIDE","Mobile Detailing Travel Fees: What to Charge for the Trip","2026-10-05","2026-10-05"
"salon-retail-product-profit-margin","Salon","PROFITABILITY GUIDE","Salon Retail Margin: What Each Product Sale Leaves You","2026-10-05","2026-10-05"
"salon-membership-pricing","Salon","PRICING GUIDE","Salon Membership Pricing: Can the Diary Handle the Offer?","2026-10-05","2026-10-05"
"free-shipping-threshold-profit","E-commerce","PROFITABILITY GUIDE","Free Shipping Threshold: Does the Bigger Basket Pay?","2026-10-05","2026-10-05"
"snow-removal-pricing","Landscaping","PRICING GUIDE","Snow Removal Pricing: Visits, Seasons and Route Capacity","2026-10-04","2026-10-04"
"mulch-installation-job-cost","Landscaping","BUSINESS PLANNING GUIDE","Mulch Installation Job Cost: Volume, Labor and Quote","2026-10-04","2026-10-04"
"photography-second-shooter-cost","Photography","BUSINESS PLANNING GUIDE","Photography Second-Shooter Cost: Price the Full Assignment","2026-10-04","2026-10-04"
"photography-usage-licensing-pricing","Photography","PRICING GUIDE","Photography Usage Pricing: Production, Scope and Contribution","2026-10-04","2026-10-04"
"ceramic-coating-profit-margin","Mobile Detailing","PROFITABILITY GUIDE","Ceramic Coating Profit Margin: Preparation, Price and Capacity","2026-10-04","2026-10-04"
"landscaping-equipment-cost-per-hour","Landscaping","BUSINESS PLANNING GUIDE","Landscaping Equipment Cost per Hour: Build a Job Rate","2026-10-03","2026-10-03"
"landscaping-crew-utilization","Landscaping","CAPACITY PLANNING GUIDE","Landscaping Crew Utilization: Paid Hours to Job Capacity","2026-10-03","2026-10-03"
"landscaping-maintenance-contract-pricing","Landscaping","PRICING GUIDE","Landscaping Maintenance Contract Pricing: Scope and Visits","2026-10-03","2026-10-03"
"corporate-headshot-pricing","Photography","PRICING GUIDE","Corporate Headshot Pricing: Setup, People and Delivery","2026-10-03","2026-10-03"
"product-photography-pricing-per-image","Photography","PRICING GUIDE","Product Photography Pricing per Image: Cost the Assignment","2026-10-03","2026-10-03"
"move-out-cleaning-job-cost","Cleaning","BUSINESS PLANNING GUIDE","Move-Out Cleaning Job Cost: Build a Scope-Based Quote","2026-10-02","2026-10-02"
"recurring-vs-one-time-cleaning-profitability","Cleaning","PROFITABILITY GUIDE","Recurring vs One-Time Cleaning: Compare Profit per Hour","2026-10-02","2026-10-02"
"commercial-cleaning-contract-price-increase","Cleaning","PRICING GUIDE","Commercial Cleaning Contract Price Increase: Cost It First","2026-10-02","2026-10-02"
"cleaning-business-client-churn-cost","Cleaning","BUSINESS PLANNING GUIDE","Cleaning Business Client Churn Cost: Lost Margin and Replacement","2026-10-02","2026-10-02"
"restaurant-delivery-app-commission-profit-per-order","Restaurant","PROFITABILITY GUIDE","Delivery App Commission: Restaurant Profit per Order","2026-10-02","2026-10-02"
"cash-flow-break-even-vs-profit-break-even","Break-Even Concepts","PRACTICAL GUIDE","Cash-Flow Break-Even vs Profit Break-Even","2026-10-01","2026-10-01"
"discount-break-even-sales-volume","Break-Even Concepts","PRACTICAL GUIDE","Discount Break-Even: How Much More Must You Sell?","2026-10-01","2026-10-01"
"how-many-customers-can-you-lose-after-raising-prices","Break-Even Concepts","VOLUME PLANNING GUIDE","How Many Customers Can You Lose After Raising Prices?","2026-10-01","2026-10-01"
"contribution-margin-vs-profit-margin","Break-Even Concepts","PRACTICAL GUIDE","Contribution Margin vs Profit Margin: Which Do You Need?","2026-10-01","2026-10-07"
"hair-color-service-cost-per-appointment","Salon","BUSINESS PLANNING GUIDE","Hair Color Service Cost per Appointment","2026-10-01","2026-10-01"
"target-profit-sales-formula","Break-Even Concepts","PRACTICAL GUIDE","Target Profit Formula: Sales and Units You Need","2026-09-30","2026-10-07"
"margin-of-safety-business","Break-Even Concepts","PRACTICAL GUIDE","Margin of Safety in Units, Sales and Percent","2026-09-30","2026-10-07"
"operating-leverage-small-business","Break-Even Concepts","PRACTICAL GUIDE","Operating Leverage Formula for a Small Business","2026-09-30","2026-10-07"
"break-even-roas-formula","E-commerce","PROFITABILITY GUIDE","Break-Even ROAS Formula for an Ecommerce Store","2026-09-30","2026-10-07"
"agency-client-profitability","Agency","PROFITABILITY GUIDE","Client Profitability Analysis for a Small Agency","2026-09-30","2026-10-07"
"break-even-multiple-products-sales-mix","Break-Even Concepts","PRACTICAL GUIDE","Break-Even for Multiple Products: The Sales Mix Method","2026-09-29","2026-10-07"
"post-construction-cleaning-estimate","Cleaning","BUSINESS PLANNING GUIDE","How to Estimate a Post-Construction Cleaning Job","2026-09-29","2026-09-29"
"landscaping-job-costing-estimate-vs-actual","Landscaping","BUSINESS PLANNING GUIDE","Landscaping Job Costing: Estimate vs Actual","2026-09-29","2026-09-29"
"photography-mini-session-profit","Photography","PROFITABILITY GUIDE","Are Photography Mini Sessions Profitable?","2026-09-29","2026-09-29"
"fleet-detailing-contract-pricing","Mobile Detailing","PRICING GUIDE","How to Price a Fleet Detailing Contract","2026-09-29","2026-09-29"
"commercial-cleaning-contract-bid","Cleaning","BUSINESS PLANNING GUIDE","How to Bid a Commercial Cleaning Contract Without Guessing","2026-09-28","2026-09-28"
"salon-booth-rent-vs-commission-owner","Salon","BUSINESS PLANNING GUIDE","Salon Booth Rent vs Commission: The Owner's Break-Even Math","2026-09-28","2026-09-28"
"mobile-detailing-maintenance-plan-pricing","Mobile Detailing","PRICING GUIDE","Mobile Detailing Maintenance Plan Pricing: Keep the Monthly Margin","2026-09-28","2026-09-28"
"ecommerce-chargeback-cost-per-order","E-commerce","BUSINESS PLANNING GUIDE","Ecommerce Chargeback Cost per Order: What a Dispute Does to Margin","2026-09-28","2026-09-28"
"landscaping-seasonal-break-even","Landscaping","PROFITABILITY GUIDE","Landscaping Seasonal Break-Even: Pay for the Slow Months","2026-09-28","2026-09-28"
"cleaning-business-monthly-expenses","Cleaning","BUSINESS PLANNING GUIDE","Cleaning Business Monthly Expenses: Build a Job-Based Budget","2026-09-27","2026-10-07"
"ecommerce-return-cost-per-order","E-commerce","BUSINESS PLANNING GUIDE","Ecommerce Return Cost per Order: Price Refunds Into Your Margin","2026-09-27","2026-09-27"
"agency-billable-utilization-rate","Agency","CAPACITY PLANNING GUIDE","Agency Billable Utilization Rate: Plan Retainers and Team Capacity","2026-09-27","2026-10-07"
"landscaping-route-density-profit","Landscaping","PROFITABILITY GUIDE","Landscaping Route Density: Price Drive Time Into Each Stop","2026-09-27","2026-09-27"
"photography-cost-per-session-editing","Photography","BUSINESS PLANNING GUIDE","Photography Cost per Session: Include Editing and Delivery Time","2026-09-27","2026-10-07"
"cafe-opening-costs","Restaurant","STARTUP COST GUIDE","How Much Does It Cost to Open a Café or Coffee Shop?","2026-09-26","2026-09-26"
"restaurant-budgeting","Restaurant","BUSINESS PLANNING GUIDE","Restaurant Budgeting: Build a Monthly Plan You Can Use","2026-09-26","2026-09-26"
"restaurant-food-cost-percentage","Restaurant","BUSINESS PLANNING GUIDE","How to Calculate Restaurant Food Cost Percentage","2026-09-26","2026-10-07"
"coffee-shop-business-plan","Restaurant","BUSINESS PLANNING GUIDE","Coffee Shop Business Plan: Example and Editable Template","2026-09-26","2026-09-26"
"restaurant-labor-cost-percentage","Restaurant","BUSINESS PLANNING GUIDE","Restaurant Labor Cost Percentage: Calculate Loaded Payroll","2026-09-26","2026-10-07"
"restaurant-business-plan","Restaurant","BUSINESS PLANNING GUIDE","Restaurant Business Plan: Build the Numbers Behind It","2026-09-26","2026-09-26"
"restaurant-prime-cost","Restaurant","BUSINESS PLANNING GUIDE","Restaurant Prime Cost: Food Plus Labor, Explained","2026-09-26","2026-09-26"
"restaurant-sales-forecast","Restaurant","BUSINESS PLANNING GUIDE","Restaurant Sales Forecast: Orders, Ticket and Capacity","2026-09-26","2026-09-26"
"how-to-start-coffee-shop","Restaurant","BUSINESS PLANNING GUIDE","How to Start a Coffee Shop: Location to First Sale","2026-09-26","2026-09-26"
"how-to-start-restaurant","Restaurant","BUSINESS PLANNING GUIDE","How to Start a Restaurant: A Practical Launch Sequence","2026-09-26","2026-09-26"
"ecommerce-shipping-costs","E-commerce","BUSINESS PLANNING GUIDE","E-commerce Shipping Costs: Price the Full Order","2026-09-26","2026-09-26"
"calculate-break-even-point","Break-Even Concepts","PRACTICAL GUIDE","How to Calculate Your Break-Even Point (Step by Step)","2026-09-23","2026-10-07"
"break-even-analysis-example","Break-Even Concepts","PRACTICAL GUIDE","Break-Even Analysis Example With Full Workings","2026-09-23","2026-10-07"
"break-even-formula-units-dollars","Break-Even Concepts","PRACTICAL GUIDE","Break-Even Formula: Units and Dollars","2026-09-23","2026-10-07"
"calculate-contribution-margin","Break-Even Concepts","PRACTICAL GUIDE","What Is Contribution Margin and How to Calculate It","2026-09-23","2026-10-07"
"contribution-margin-vs-gross-margin","Break-Even Concepts","PRACTICAL GUIDE","Contribution Margin vs Gross Margin: Which One Should You Use?","2026-09-23","2026-09-23"
"fixed-vs-variable-costs","Break-Even Concepts","PRACTICAL GUIDE","Fixed Costs vs Variable Costs (With Examples)","2026-09-23","2026-10-07"
"margin-vs-markup","Break-Even Concepts","PRACTICAL GUIDE","Margin vs Markup: Key Difference Money","2026-09-23","2026-10-07"
"lower-break-even-point","Break-Even Concepts","PRACTICAL GUIDE","How to Lower Your Break-Even Point","2026-09-23","2026-10-07"
"how-many-cleaning-clients-5000","Cleaning","VOLUME PLANNING GUIDE","How Many Cleaning Clients to Make $5,000 a Month?","2026-09-22","2026-10-07"
"how-many-lawns-100k","Landscaping","VOLUME PLANNING GUIDE","How Many Lawns Do You Need to Make $100k a Year?","2026-09-22","2026-09-22"
"how-many-photography-clients-month","Photography","VOLUME PLANNING GUIDE","How Many Photography Clients Do You Need Per Month?","2026-09-22","2026-10-07"
"how-many-detailing-jobs-week","Mobile Detailing","VOLUME PLANNING GUIDE","How Many Detailing Jobs Per Week to Go Full Time?","2026-09-22","2026-10-07"
"salon-clients-per-day-break-even","Salon","VOLUME PLANNING GUIDE","How Many Clients Does a Salon Chair Need Per Day?","2026-09-22","2026-10-07"
"restaurant-covers-per-night-break-even","Restaurant","VOLUME PLANNING GUIDE","How Many Covers Does a Restaurant Need Per Night?","2026-09-22","2026-10-07"
"ecommerce-orders-per-day-profitable","E-commerce","VOLUME PLANNING GUIDE","How Many Orders Per Day to Make Your Store Profitable?","2026-09-22","2026-09-22"
"how-many-agency-retainer-clients","Agency","VOLUME PLANNING GUIDE","How Many Retainer Clients Does an Agency Need?","2026-09-22","2026-10-07"
"is-a-cleaning-business-profitable","Cleaning","PROFITABILITY GUIDE","Is a Cleaning Business Profitable? Check the Visits and Hours","2026-09-20","2026-10-07"
"landscaping-business-profit-margin","Landscaping","PROFITABILITY GUIDE","Landscaping Profit Margin: Follow the Money Behind Each Job","2026-09-20","2026-10-07"
"photography-business-profit-margin","Photography","PROFITABILITY GUIDE","Photography Profit Margin: Sessions, Owner Pay and Hours","2026-09-20","2026-10-07"
"is-mobile-detailing-profitable","Mobile Detailing","PROFITABILITY GUIDE","Is Mobile Detailing Profitable? A Practical Owner-Operator Analysis","2026-09-20","2026-10-07"
"salon-profit-margin","Salon","PROFITABILITY GUIDE","Salon Profit Margin: Services, Owner Pay and Retail","2026-09-20","2026-10-06"
"restaurant-profit-margin-average","Restaurant","PROFITABILITY GUIDE","Restaurant Profit Margins: What to Expect as an Owner-Operator","2026-09-20","2026-10-07"
"ecommerce-profit-margin","E-commerce","PROFITABILITY GUIDE","Ecommerce Profit Margins After All Fees: A US Owner-Operator Guide","2026-09-20","2026-10-07"
"agency-profit-margin","Agency","PROFITABILITY GUIDE","Agency Profit Margin and Utilization: A Practical Owner-Operator Guide","2026-09-20","2026-10-07"
"how-much-does-it-cost-to-start-a-cleaning-business","Cleaning","STARTUP COST GUIDE","How Much Does It Cost to Start a Cleaning Business?","2026-09-18","2026-09-18"
"how-much-does-it-cost-to-start-a-landscaping-business","Landscaping","STARTUP COST GUIDE","What Does It Cost to Start a Landscaping Business?","2026-09-18","2026-10-07"
"how-much-does-it-cost-to-start-a-photography-business","Photography","STARTUP COST GUIDE","How Much Does It Cost to Start a Photography Business?","2026-09-18","2026-10-07"
"mobile-detailing-business-startup-cost","Mobile Detailing","STARTUP COST GUIDE","How Much Does It Cost to Start a Mobile Detailing Business?","2026-09-18","2026-10-07"
"how-much-does-it-cost-to-open-a-salon","Salon","STARTUP COST GUIDE","How Much Does It Cost to Open a Salon?","2026-09-18","2026-09-18"
"how-much-does-it-cost-to-open-a-restaurant","Restaurant","STARTUP COST GUIDE","How Much Does It Cost to Open a Restaurant?","2026-09-18","2026-10-07"
"how-much-does-it-cost-to-start-an-ecommerce-store","E-commerce","STARTUP COST GUIDE","Ecommerce Startup Costs: New Store or Online Extension?","2026-09-18","2026-10-06"
"how-much-does-it-cost-to-start-a-marketing-agency","Agency","STARTUP COST GUIDE","How Much Does It Cost to Start a Marketing Agency?","2026-09-18","2026-09-18"
"how-much-to-charge-for-house-cleaning","Cleaning","BUSINESS PLANNING GUIDE","How Much to Charge for House Cleaning","2026-09-17","2026-10-07"
"lawn-care-pricing-per-acre","Landscaping","PRICING GUIDE","Lawn Care Pricing: How to Set Your Rates","2026-09-17","2026-09-17"
"photography-pricing-packages","Photography","PRICING GUIDE","Photography Pricing: How to Build Your Packages","2026-09-17","2026-10-07"
"car-detailing-prices-list","Mobile Detailing","BUSINESS PLANNING GUIDE","Car Detailing Price List: Scope, Costs and Worker-Hours","2026-09-17","2026-10-07"
"salon-service-pricing","Salon","PRICING GUIDE","Salon Service Pricing: Setting Rates That Cover Costs","2026-09-17","2026-10-07"
"agency-retainer-pricing","Agency","PRICING GUIDE","Agency Retainer Pricing: How to Price Monthly Work","2026-09-17","2026-09-17"
"how-to-price-products-for-ecommerce","E-commerce","PRICING GUIDE","How to Price Products for Your Online Store","2026-09-17","2026-10-07"
"restaurant-menu-pricing-formula","Restaurant","PRICING GUIDE","Restaurant Menu Pricing: Ingredients to Order Contribution","2026-09-17","2026-10-07"
"cleaning-business-break-even","Cleaning","PROFITABILITY GUIDE","Cleaning Business Break-Even Calculator: Jobs, Revenue, Leads and Capacity","2026-09-10","2026-10-01"
"landscaping-break-even","Landscaping","PROFITABILITY GUIDE","How to Do Break-Even Analysis for a Landscaping Business","2026-09-10","2026-10-07"
"photography-business-break-even","Photography","PROFITABILITY GUIDE","Photography Business Break-Even Calculator: Sessions, Pricing and Capacity","2026-09-10","2026-09-13"
"agency-break-even","Agency","PROFITABILITY GUIDE","Agency Break-Even Calculator: Retainer Clients, Revenue and Delivery Capacity","2026-09-10","2026-09-13"
"mobile-detailing-break-even","Mobile Detailing","PROFITABILITY GUIDE","Mobile Detailing Break-Even Calculator: Jobs, Routes, Revenue and Leads","2026-09-10","2026-10-07"
"ecommerce-break-even","E-commerce","PROFITABILITY GUIDE","Ecommerce Break-Even: Net Orders, Costs and Capacity","2026-09-10","2026-10-07"
"restaurant-break-even","Restaurant","PROFITABILITY GUIDE","Restaurant Break-Even Calculator: Revenue, Orders, Food Cost and Capacity","2026-09-10","2026-10-07"
"salon-break-even","Salon","PROFITABILITY GUIDE","Salon Break-Even Calculator: Appointments, Service Mix and Stylist Capacity","2026-09-10","2026-10-07"
